Ace 60mg Suppository,0,Medicine
Ace 125mg Suppository,4.03,Medicine
Ace 250mg Suppository,8.06,Medicine
Ace 500mg Suppository,8.06,Medicine
Ace Paediatric Drops 15ml Bottle,14.81,Medicine
Ace Paediatric Drops 30ml Bottle,0,Medicine
Ace Plus 500mg/65mg,2.51,Medicine
Ace 60ml Bottle,20.7,Medicine
Ace 100ml Bottle,0,Medicine
Ace 60ml Bottle,20.7,Medicine
Ace 500mg,0.8,Medicine
Ace XR 665mg,1.51,Medicine
Acetram,8,Medicine
Adovas 100ml Bottle,55,Medicine
Adovas 200ml Bottle,0,Medicine
Adryl 100ml Bottle,40.13,Medicine
Afun VT 200mg,0,Medicine
Afun VT 500mg,0,Medicine
Afun 10gm,35,Medicine
Alacot 0.1% 5ml Bottle,110.34,Medicine
Alacot DS 5ml Bottle,150.45,Medicine
Alarid 0.025% 5ml Bottle,100.3,Medicine
Alarid 100ml Bottle,50.15,Medicine
Alarid 1mg ,1.51,Medicine
Alatrol 15ml Bottle,25.08,Medicine
Alatrol 60ml Bottle,0,Medicine
Alatrol 10mg,3.01,Medicine
Almex 400mg,5.02,Medicine
Almex Suspension 10ml Bottle,20,Medicine
Ambrisan 5mg,0,Medicine
Ambrox SR  75mg,0,Medicine
Ambrox 15ml Bottle,30.1,Medicine
Ambrox 100ml Bottle,40.13,Medicine
Amcivit 100ml Bottle,50,Medicine
Amodis 400mg ,1.27,Medicine
Amodis 500mg,1.91,Medicine
Amodis 60ml Bottle,29.89,Medicine
Anadol SR 100mg,12.09,Medicine
Anadol 100mg,15.1,Medicine
Anadol 50mg,8.05,Medicine
Anclog 75mg,12,Medicine
Anclog Plus 75/75g,12,Medicine
Angilock 100mg,12.03,Medicine
Angilock 25mg,4.5,Medicine
Angilock 50mg,8.03,Medicine
Angilock Plus 100/12.50mg,11.03,Medicine
Angilock Plus 100/25mg,12.03,Medicine
Angilock Plus 50/12.5mg,8.03,Medicine
Angivent MR 35mg,6.02,Medicine
Anoxa 10mg,3.52,Medicine
Anril 0.50mg,3.01,Medicine
Anril Spray,216.45,Medicine
Anril SR 2.6mg,4.03,Medicine
Ansulin 30/70 100IU 10ml Vial,415,Diabetic Care
Ansulin 30/70 40IU 10ml Vial,195,Diabetic Care
Ansulin 30/70 3ml,222,Diabetic Care
Ansulin 50/50 100IU 10ml Vial,0,Diabetic Care
Ansulin 50/50 3ml,0,Diabetic Care
Ansulin N 100IU 10ml Vial,0,Diabetic Care
Ansulin N 40IU 10ml Vial,0,Diabetic Care
Ansulin N 3ml,0,Diabetic Care
Ansulin R 100IU 10ml Vial,0,Diabetic Care
Ansulin R 40IU 10ml Vial,0,Diabetic Care
Ansulin R 3ml,0,Diabetic Care
Ansupen,0,Accessories
Antazol 0.05% 15ml Bottle,11.04,Medicine
Antazol 0.1% 15ml Bottle,11.55,Medicine
Antazol Plus 120sprays,110.75,Medicine
Antista 100ml Bottle,21.85,Medicine
Antiva 10mg,0,Medicine
Anzitor 10mg,12,Medicine
Anzitor 20mg,20,Medicine
Anzitor 40mg,0,Medicine
Apsol 5gm Tube,75.5,Medicine
Ariprex 10mg,5,Medicine
Ariprex 15mg,7,Medicine
Asynta 200ml,125.37,Medicine
Asynta ,0,Medicine
B-50 Forte ,1.25,Medicine
B-50 Forte ,0,Medicine
B-50 Forte 100ml,0,Medicine
B-50 Forte 200ml,62.19,Medicine
B-50 Forte,0,Medicine
Bactrocin 2% 10gm Tube,140.42,Medicine
Barif 40,12.03,Medicine
Barif 80,0,Medicine
Beclomin 100 HFA 200 Puffs,0,Medicine
Beclomin 250 HFA 200 Puffs,0,Medicine
Becospray 200 Sprays,125.85,Medicine
Beovit,0.86,Medicine
Betameson-N 10gm Tube,22.14,Medicine
Bicozin 100ml Bottle,45.3,Medicine
Bicozin 200ml Bottle,0,Medicine
Bicozin 30s Pack,60,Medicine
Bicozin-I 100ml Bottle,50.35,Medicine
Bisocor 10mg,0,Medicine
Bisocor 2.5mg,6.04,Medicine
Bisocor 5mg,10.07,Medicine
Bisocor Plus 2.5/6.25mg,6.02,Medicine
Bisocor Plus 5/6.25mg,10.03,Medicine
Brofex Syrup,40.13,Medicine
Bromolac 2.5mg,12.03,Medicine
Bufocort 200mg Cozycap,9.03,Medicine
Burna 25gm Tube,40.13,First Aid
Butefin 1% 10gm Tube,40.15,Medicine
Calbo 500mg,4.02,Medicine
Calbo Forte 10s Pack,80.6,Medicine
Calbo Jr,3,Medicine
Calbo-C 10s Pack,78.8,Medicine
Calbo-D 15s Pack,75.3,Medicine
Calbo-D 30s Pack,150.6,Medicine
Calbo-D Vita 10s Pack,150.5,Medicine
Calboplex,0,Medicine
Calboral-D,10.03,Medicine
Calborate 740,12.03,Medicine
Calcitrol,10.03,Medicine
Camlodin 10mg,0,Medicine
Camlodin 5mg,5.02,Medicine
Camlodin Plus 25mg,0,Medicine
Camlodin Plus 50mg,6.02,Medicine
Camlopril 5/10 ,6.04,Medicine
Camlosart 5/20,8.03,Medicine
Camlosart 5/40,15.05,Medicine
Camoval 5/160,16.11,Medicine
Camoval 5/80,9.06,Medicine
Candex 30ml Bottle,46.84,Medicine
Carbizol 5,3.01,Medicine
Cardipro 50 Plus,2.77,Medicine
Cardipro 50,0.77,Medicine
Carva 75mg,0.57,Medicine
Cavir 0.5mg,48.14,Medicine
Ceevit 250mg,1.9,Medicine
Ceevit Forte 10's Pack,103.4,Medicine
Cef-3 200mg,35.11,Medicine
Cef-3 DS 400mg,50.35,Medicine
Cef-3 DS,0,Medicine
Cef-3 Forte 50ml Bottle,280.85,Medicine
Cef-3 21ml Bottle,0,Medicine
Cef-3 30ml Bottle,0,Medicine
Cef-3 40ml Bottle,0,Medicine
Cef-3 50ml Bottle,210.63,Medicine
Cef-3,0,Medicine
Cefotil 125mg,15.1,Medicine
Cefotil 250mg,25.17,Medicine
Cefotil 500mg,45.29,Medicine
Cefotil 70ml Bottle,199.34,Medicine
Cefotil Plus 250,30.1,Medicine
Cefotil Plus 500,50.15,Medicine
Ceftron 1g,0,Medicine
Ceftron 1g,0,Medicine
Ceftron 250mg,0,Medicine
Ceftron 250mg,0,Medicine
Ceftron 2g,302.04,Medicine
Ceftron 500mg,0,Medicine
Ceftron 500mg,0,Medicine
Cerevas 5mg,4.03,Medicine
Cilosta 100mg,12.09,Medicine
Cinaron Plus,2,Medicine
Cinaron 15mg,1,Medicine
Ciprocin 0.3% 5ml Bottle,0,Medicine
Ciprocin 200 100ml Bottle,0,Medicine
Ciprocin 250,0,Medicine
Ciprocin 250mg,8.56,Medicine
Ciprocin 500mg,15.05,Medicine
Ciprocin 750mg,0,Medicine
Climycin 150mg,0,Medicine
Climycin 300mg,0,Medicine
Clinface Gel 15gm Tube,151.2,Medicine
Clobam 10mg,4.02,Medicine
Clofenac 100mg,0,Medicine
Clofenac 100mg TR,4.02,Medicine
Clofenac 12.5mg,0,Medicine
Clofenac 25mg,0,Medicine
Clofenac 25mg,1,Medicine
Clofenac 50mg,15.1,Medicine
Clofenac 50mg,1.51,Medicine
Clofenac DT,4.02,Medicine
Clofenac Emulgel 20gm Tube,0,Medicine
Clofenac Gel 10gm Tube,12.99,Medicine
Clofenac 3ml Vial,0,Medicine
Clofenac Plus 3ml Vial,0,Medicine
Clofenac SR 100mg,4.02,Medicine
Clopirox 1% 10gm Tube,80.24,Medicine
Colicon 10mg,2.01,Medicine
Colicon 50ml Bottle,30.2,Medicine
Comet 1gm,7.02,Medicine
Comet 500mg,4.02,Medicine
Comet 750mg,0,Medicine
Comet 850mg,6.02,Medicine
Comer XR 1gm,0,Medicine
Comet XR 500mg,6.02,Medicine
Comprid 80mg,7.02,Medicine
Comprid XR 30,6.04,Medicine
Comprid XR 60,0,Medicine
Contifil 300 SR,2.36,Medicine
Contifil 400 SR,2.99,Medicine
Contilex 250/200mg,8.06,Medicine
Cotrim DS 960mg,2.04,Medicine
Cotrim 60ml Bottle,0,Medicine
Cotrim 480mg,1.49,Medicine
Deflacort 6mg,8.03,Medicine
Delipid 300mg,7.009333333,Medicine
Depram 25mg,4,Medicine
Deprex 10mg,4.51,Medicine
Deprex 5mg,2.51,Medicine
De-Rash 25gm Tube,50.35,Medicine
Dermasol 10gm Tube,0,Medicine
Dermasol 20gm Tube,0,Medicine
Dermasol 0.05% 10gm Tube,50.34,Medicine
Dermasol 20gm Tube,75.5,Medicine
Dermasol-N 15gm Tube,70.21,Medicine
Dermasol-N 15gm Tube,75.22,Medicine
Dermasol-S Scalp Solution 25ml Bottle,0,Medicine
Dexonex 0.1% 5ml Bottle,70.21,Medicine
Dexonex 0.5mg,0.89,Medicine
Dexonex-C,70.21,Medicine
Dibenol 5,0.35,Medicine
Diliner 30 DR,0,Medicine
Diliner 60 DR,0,Medicine
Diltizem 90 SR,5.625,Medicine
Diprobet 15gm Tube,0,Medicine
Diprobet 15gm Tube,0,Medicine
Dormitol 15 ,0,Medicine
Dormitol 7.5,0,Medicine
Duolax 100ml Bottle,95.29,Medicine
Durol 6.25mg,3.01,Medicine
Durol CR 10,0,Medicine
Durol CR 20,0,Medicine
Dyvon 20gm Tube,0,Medicine
Dyvon 20gm Tube,0,Medicine
Dyvon Plus 20gm Tube,0,Medicine
Dyvon Plus 25ml Bottle,0,Medicine
Eczena 0.05% 10gm Tube,70.26,Medicine
Eczena 0.05% 10gm Tube,70.26,Medicine
Emcil 200mg,15.05,Medicine
Entacyd Plus 200ml Bottle,80,Medicine
Entacyd Plus ,2,Medicine
Entacyd 200ml Bottle,55.16,Medicine
Entacyd,0.8,Medicine
Epinal 30,0,Medicine
Epitra 0.5mg,6,Medicine
Epitra 1mg,8,Medicine
Epitra 2mg,10,Medicine
Epitra 10ml Bottle,0,Medicine
Equra 10%  15gm Tube,30.2,Medicine
Erian 15gm Tube,80,Medicine
Erian,8,Medicine
Eromycin 250mg,0,Medicine
Eromycin DS,10.35,Medicine
Eromycin 25ml Bottle,120.37,Medicine
Eromycin 60ml Bottle,60.4,Medicine
Eromycin 100ml Bottle,0,Medicine
Eslicar 400mg,0,Medicine
Esloric 100mg,4.03,Medicine
Esloric 300mg,8.06,Medicine
Esmo,0,Medicine
Evit 200mg,4.03,Medicine
Evit 200mg,4.03,Medicine
Evit 400mg,6.04,Medicine
Ezex 0.05% 25gm Tube,0,Medicine
Ezex 0.05% 25gm Tube,75.51,Medicine
Facticin,0,Medicine
Famotack 20mg,2,Medicine
Famotack 40mg,4.02,Medicine
Femastin,0,Medicine
Fe-Plus,1.49,Medicine
Fexo 120mg,8,Medicine
Fexo 180mg,10,Medicine
Fexo 60mg,3.52,Medicine
Fexo Plus,0,Medicine
Fexo 50ml Bottle,48.33,Medicine
Filfresh 3mg,3.01,Medicine
Filwel Gold 30s Pack,285,Medicine
Filwel Kids 100ml Bottle,80.55,Medicine
Filwel Kids 200ml Bottle,0,Medicine
Filwel Silver 30s Pack,285,Medicine
Flacol 15ml Bottle,35.11,Medicine
Flacol,2,Medicine
Flexi SR 200mg,7.02,Medicine
Flexi 100mg,4.02,Medicine
Flexilax 10mg,8.04,Medicine
Flexilax 5mg,4.54,Medicine
Flonaspray 120 Sprays,251.7,Medicine
Flugal 150mg,22.14,Medicine
Flugal 200mg,25.16666667,Medicine
Flugal 50mg,8.066666667,Medicine
Flugal 35ml Bottle,78.53,Medicine
Flurizin 10mg,0,Medicine
Flurizin 5mg,0,Medicine
Fodexil 500mg,0,Medicine
Fona 0.1% 10gm Tube,60.4,Medicine
Fona 0.3% 10gm Tube,0,Medicine
Fona Plus Gel,160.48,Medicine
Frabex 500mg,0,Medicine
Fungidal,0,Medicine
Fungidal 10gm Tube,35.24,Medicine
Fungidal-HC 10gm Tube,40.27,Medicine
Fusid Plus 20mg,8.03,Medicine
Fusid Plus 40mg,10.03,Medicine
Fusid 40,0.64,Medicine
Gabastar 100mg,6.04,Medicine
Gabastar 300mg,16.1,Medicine
Garlin,0,Medicine
Gelora 15gm Tube,60.18,Medicine
Genacyn 0.3% 10ml Botttle,0,Medicine
Genacyn 0.1% 10gm Tube,12.09,Medicine
Geston 5mg,8.03,Medicine
Giloba,0,Medicine
Gintex,0,Medicine
Glysup 1.15mg,3.01,Medicine
Glysup 2.30mg,5.02,Medicine
Gynepro,24.08,Medicine
Halobet 0.05% 10gm Tube,90.27,Medicine
Halobet 0.05% 10gm Tube,90.27,Medicine
Hemorif,8.06,Medicine
Hepavir,0,Medicine
Imotil,1,Medicine
Inflagic 20mg,3.99,Medicine
Inflagic 5mg,0,Medicine
Intimate 10mg,35.11,Medicine
Intimate 20mg,60.18,Medicine
Intimate 5mg,18.05,Medicine
Iprex HFA 200 Puffs,250.75,Medicine
Iprex 20ml Bottle,130.88,Medicine
Iacet 250mg,0,Medicine
Iacet 500mg,0,Medicine
Iracet 50ml Bottle,0,Medicine
Isovent 200mg,15.1,Medicine
Isovent 600mg,0,Medicine
Ispergul 100gm,0,Medicine
Ispergul Sachet,0,Medicine
Itra 100,15.1,Medicine
Ivanor 5,0,Medicine
Ivanor 7.5,0,Medicine
Iventi 0.5% 5ml Bottle,1400.68,Medicine
Jort ,0,Medicine
Ketoral,9.06,Medicine
Kop SR 100mg,0,Medicine
Kop SR 200mg,0,Medicine
Kop 50mg,0,Medicine
Kop 20gm Tube,0,Medicine
Laxyl 3mg,5.02,Medicine
Lebac 250mg,8.03,Medicine
Lebac 500mg,15.05,Medicine
Lebac Forte 100ml Bottle,135.4,Medicine
Lebac 15ml Bottle,65.19,Medicine
Lebac 100ml Bottle,90.27,Medicine
Lecor 200ml Bottle,0,Medicine
Lerozol,0,Medicine
Levocar 330,5.03,Medicine
Levocar 330,0,Medicine
Levostar 1,0,Medicine
Levostar 2,0,Medicine
Levostar 100ml,45.13,Medicine
Lido 30mlBottle,0,Medicine
Linita 5mg,15.05,Medicine
Lipired 160,5.02,Medicine
Lipired 200,0,Medicine
Livolite,0,Medicine
Livwel 100ml Bottle,90.61,Medicine
Livwel 200ml Bottle,0,Medicine
Locular 0.2% 5ml Bottle,0,Medicine
Locular Plus 5ml Bottle,110,Medicine
Loracef 500mg,38.26,Medicine
Loracef 15ml Bottle,125.85,Medicine
Loracef 100ml Bottle,191.3,Medicine
Loratin Fast,3.01,Medicine
Loratin Plus,8,Medicine
Loratin 60ml Bottle,30.2,Medicine
Loratin,0,Medicine
Lubtear 10ml Bottle,90.27,Medicine
Lumast,0,Medicine
Lumertam,0,Medicine
Luraprex 40,0,Medicine
Maganta Plus 200ml Bottle,110,Medicine
Maganta Plus,3.01,Medicine
Malacide,0,Medicine
Maxrin 0.4,10.06666667,Medicine
Melcam 15,4.03,Medicine
Melixol,5.02,Medicine
Menoral,5.02,Medicine
Merison 6,0,Medicine
Metaspray 120 sprays,0,Medicine
Methicol,4.03,Medicine
Mevin SR 200mg,0,Medicine
Mevin,6.02,Medicine
Mexlo 0.3% 5ml Bottle,70.21,Medicine
Miclofenac 50mg,10.07,Medicine
Miclofenac 75mg,11.07,Medicine
Migranil 0.5mg,3.01,Medicine
Migranil 1.5mg,7.04,Medicine
Mirakof SR,10.07,Medicine
Mirakof 100ml Bottle,80.24,Medicine
Monera 100ml Bottle,0,Medicine
Montene 10mg,15.05,Medicine
Montene 4mg,6.02,Medicine
Montene 5mg,8.03,Medicine
Motifast,2.51,Medicine
Motigut 15ml Bottle,25,Medicine
Motigut 60ml Bottle,35.11,Medicine
Motigut 10mg,2.51,Medicine
Moxacil 250mg,3.61,Medicine
Moxacil 500mg,6.79,Medicine
Moxacil 500mg,0,Medicine
Moxacil 875mg,10.07,Medicine
Moxacil 15ml Bottle,0,Medicine
Moxacil,0,Medicine
Moxacil Forte 100ml Bottle,0,Medicine
Moxacil 100ml Bottle,47.61,Medicine
Moxaclav 0.6,0,Medicine
Moxaclav 1.2,0,Medicine
Moxaclav 1g,45,Medicine
Moxaclav 375mg,25,Medicine
Moxaclav 625mg,32,Medicine
Moxaclav Forte 35ml ,0,Medicine
Moxaclav 100ml ,175.53,Medicine
Moxaclav 60ml ,0,Medicine
Mucospel 100ml Bottle,40.13,Medicine
Mucospel,0,Medicine
Multivit Plus 30s Pack,54,Medicine
Myonil 50mg,3.01,Medicine
Nacromin 2% 15ml Bottle,0,Medicine
Nalid 50ml Bottle,0,Medicine
Nalid,4.88,Medicine
Naurif,0,Medicine
Naurif,0,Medicine
Navit 30s Pack,180,Medicine
Nebanol 20gm Tube,0,Medicine
Nebanol Plus 10gm Tube,30.2,Medicine
Nebanol Powder,20.13,Medicine
Nebita 2.5mg,0,Medicine
Nebita 5mg,10.03,Medicine
Nectar Linctus 100ml Bottle,40.27,Medicine
Neotack 150mg,2.506666667,Medicine
Neotack 300mg,0,Medicine
Neotack,0,Medicine
Neotack 100ml Bottle,50.15,Medicine
Nepranol 10gm Tube,0,Medicine
Neuro-B,0,Medicine
Neuro-B 30s Pack,150.6,Medicine
Neurolep 100ml Bottle,0,Medicine
Neurolep,6.04,Medicine
Neurolin 25,8.03,Medicine
Neurolin 50,0,Medicine
Neurolin 75,0,Medicine
Nexum 20,7.02,Medicine
Nexum 20,5.03,Medicine
Nexum 40,10.03,Medicine
Nexum 40,0,Medicine
Nexum 40,8.07,Medicine
Nidipine SR-20,0.64,Medicine
Nidipro,2.71,Medicine
Nimocal,5.03,Medicine
Nixalo 0.5,0,Medicine
Nomi 2.5,25.17,Medicine
Norpill 1,70,Medicine
Norvis,0,Medicine
Norvis ,0,Medicine
Norvis 100ml,0,Medicine
Norvis,6.02,Medicine
Ocubrom 0.09% 5ml Bottle,100.68,Medicine
Oculant 10ml Bottle,150.45,Medicine
Ofkof 100ml Bottle,80,Medicine
Ofran 8mg,10.06666667,Medicine
Ofran 8mg,0,Medicine
Ofran 50ml Bottle,40.13,Medicine
Ofran,0,Medicine
Olicod,0,Medicine
Olistat 120mg,60.15,Medicine
Olmecar 20,8.03,Medicine
Olmecar Plus 20/12.5mg,0,Medicine
Oni 10gm Tube,35.11,Medicine
Orogel 5gm Tube,50.15,Medicine
Orostar Cool Mint 120ml Bottle,0,Oral Care
Orostar Cool Mint 250ml Bottle,0,Oral Care
Orostar Original 120ml Bottle,0,Oral Care
Orostar Original 250ml Bottle,0,Oral Care
Orostar Plus,0,Oral Care
Osmolax 100ml Bottle,140,Medicine
Osmolax 200ml Bottle,250,Medicine
Ostel-D 10/400mg,0,Medicine
Ostel-D 70/2800mg,30.11,Medicine
Oxapro 10mg,10.03,Medicine
Oxapro 5mg,5.54,Medicine
Oxat 20,12.03,Medicine
Oxifun 1% 10gm Tube,50.35,Medicine
Oxifyl CR,7.04,Medicine
Paloset 0.075,0,Medicine
Paloset 0.25,0,Medicine
Paloset 0.5,0,Medicine
Panodin SR,0,Medicine
Penrif 15 20gm Tube,0,Medicine
Penrif 30 20gm Tube,0,Medicine
Pentadol 100,0,Medicine
Pentadol 50,0,Medicine
Pentadol 75,0,Medicine
Penvik 250mg,2.3,Medicine
Penvik DS,4.44,Medicine
Penvik Forte 100ml Bottle,58.64,Medicine
Penvik 100ml Bottle,0,Medicine
Pepnor 100ml Bottle,70,Medicine
Peridol 5mg,1,Medicine
Perkinil 5mg,1,Medicine
Perkinil,0,Medicine
Perkirol 0.25mg,2.01,Medicine
Perkirol 2mg,6.04,Medicine
Pevitin 10gm Tube,40.27,Medicine
Phylopen 250mg,5.54,Medicine
Phylopen 500,0,Medicine
Phylopen DS,0,Medicine
Phylopen Forte 100ml Bottle,110.75,Medicine
Phylopen 100ml Bottle,0,Medicine
Pivalo 2,0,Medicine
Pivalo 4,0,Medicine
Probio,10,Medicine
Prolert 20mg,3.01,Medicine
Promtil 5mg,0,Medicine
Pronor,10.07,Medicine
Prosalic 25ml Bottle,0,Medicine
Proxivir,0,Medicine
Purotrol,0,Medicine
Pylotrip 4s pack,55.14285714,Medicine
Rabeca 20mg,5.02,Medicine
Ranolin XR 500,0,Medicine
Rectocare 15gm Tube,65.45,Medicine
Remac 500mg,0,Medicine
Remus 0.03%,80.55,Medicine
Remus 0.1%,0,Medicine
Renorma 2.5mg,0,Medicine
Repres SR 1.5mg,5,Medicine
Repres Plus 4,0,Medicine
ResQ 30,0,Medicine
ResQ 60,0,Medicine
Revatol 100ml Bottle,0,Medicine
Revatol 200ml Bottle,0,Medicine
Revira 1g,0,Medicine
Revira 500mg,0,Medicine
Revolizer,0,Medicine
Rex 30s Pack,90.3,Medicine
Rice ORS 250ml,9,Medicine
Rice ORS 500ml,15,Medicine
Ripril 2.5mg,5,Medicine
Ripril 5mg,8.06,Medicine
Risedon 150mg,120,Medicine
Risedon Plus,0,Medicine
Robic,7.02,Medicine
Rosuva 10mg,20.13,Medicine
Rosuva 20mg,30.1,Medicine
Rosuva 50mg,0,Medicine
Rupatrol 10mg,10,Medicine
Rutix 200mg,12,Medicine
Rutix 400mg,22,Medicine
Saga 200mg,25,Medicine
Sanit,0.79,Medicine
Scabex 5% 15gm Tube,30.1,Medicine
Scabex 5% 30gm Tube,50.15,Medicine
Seclo 20mg,5.02,Medicine
Seclo DR 20mg,5.02,Medicine
Seclo 40mg,8.03,Medicine
Seclo 40mg,8,Medicine
Secnid DS,20,Medicine
Secnid 10ml Bottle,0,Medicine
Secrin 1mg,6,Medicine
Secrin 2mg,9,Medicine
Secrin 3mg,12,Medicine
Secrin 4mg,15,Medicine
Sedil 5mg,0.69,Medicine
Sedno 5mg,2.52,Medicine
Sedno 60ml Bottle,25.17,Medicine
Servin,0,Medicine
Siglimet 50/1000,22,Medicine
Siglimet 50/500,20,Medicine
Siglimet XR 50/1000,0,Medicine
Siglimet XR 50/500,21.11111111,Medicine
Siglita 100mg,0,Medicine
Siglita 50mg,18,Medicine
Silybin 140mg,9,Medicine
Silybin 70mg,6,Medicine
Simacor 10mg,0,Medicine
Solo 0.9% 100ml Bottle,0,Medicine
Solo 0.9% 500ml Bottle,0,Medicine
Solo,0,Medicine
Sonap 250mg,0,Medicine
Sonap 500mg,0,Medicine
Sonap 500mg,7,Medicine
Splendora 2% 60ml Bottle,0,Medicine
Splendora 5% 60ml Bottle,0,Medicine
SQ-Mycetin 0.5%,34.5,Medicine
Square Zinc,2.01,Medicine
Suev 10,0,Medicine
Sulprex 200puffs,0,Medicine
Sulprex 200puffs,0,Medicine
Sulprex,0,Medicine
Sultolin 4mg,0,Medicine
Sultolin,2.5,Medicine
Sultolin 200puffs,0,Medicine
Sultolin 200puffs,0,Medicine
Sultolin,0,Medicine
Sultolin 20ml Bottle,0,Medicine
Sultolin SR,0,Medicine
Sultolin 100ml Bottle,0,Medicine
Susten 30,0,Medicine
Susten 60,0,Medicine
Suzyme 325,3.5,Medicine
Tazid 1g,0,Medicine
Tazid 250,0,Medicine
Tebast 50ml,0,Medicine
Tebast,6,Medicine
Terminex,0,Medicine
Tetrax 500mg,2.29,Medicine
Thyrin 25mg,1.11,Medicine
Ticamet 250,12,Medicine
Ticamet 250 120 Puffs,0,Medicine
Ticamet 50 120 Puffs,0,Medicine
Ticas 0.005% 10gm Tube,40.27,Medicine
Ticas 0.05% 10gm Tube,90.34,Medicine
Timotor 100,5,Medicine
Togent 100,0,Medicine
Togent 10gm Tube,35.24,Medicine
Topicort 10gm Tube,40.13,Medicine
Torax 10mg,10,Medicine
Torax 30 ,0,Medicine
Torax 60,0,Medicine
Tory 120mg,14.1,Medicine
Tory 60mg,6.666666667,Medicine
Tory 90mg,12.09,Medicine
Trevox 500 100ml Bottle,0,Medicine
Trevox 500,15,Medicine
Trevox 750,0,Medicine
Trevox 100ml,0,Medicine
Trispray 120sprays,0,Medicine
Trupan 20mg,5.02,Medicine
Trupan 40mg,7,Medicine
Trupan 40mg,0,Medicine
Truxil,10,Medicine
Tryptin 10mg,0.85,Medicine
Tryptin 25mg,1.8,Medicine
Tulip,280,Medicine
Tusca 100ml Bottle,65.19,Medicine
Ucol 2,3.01,Medicine
Uriten 10mg,10,Medicine
Urocure SR 100mg,0,Medicine
Urocure 100ml Bottle,0,Medicine
Valoate CR 200,0,Medicine
Valoate CR 300,0,Medicine
Valoate CR 500,0,Medicine
Valoate 100ml Bottle,0,Medicine
Vanprox 100,0,Medicine
Vanprox 200,0,Medicine
Vanprox Forte 50ml Bottle,0,Medicine
Vanprox 15ml Bottle,0,Medicine
Vanprox 50ml Bottle,98,Medicine
Vasopril 10mg,0,Medicine
Vasopril 5mg,1.25,Medicine
Vertina Plus,3,Medicine
Viglimet 50/500mg,22,Medicine
Viglimet 50/850mg,23.06,Medicine
Viglita 50mg,10,Medicine
Vigorex 25mg,0,Medicine
Vigorex 50mg,0,Medicine
Vigorex 100mg,0,Medicine
Viodin 1% 100ml Bottle,35.11,Oral Care
Viodin 10% 100ml Bottle,100.3,Medicine
Viodin 10% 10ml Bottle,0,Medicine
Viodin 10% 1L Bottle,0,Medicine
Viodin 5% 20gm Tube,40.13,First Aid
Virux 200mg,14,Medicine
Virux 400mg,22.1,Medicine
Virux 500,0,Medicine
Virux 5gm Tube,0,Medicine
Virux 70ml Bottle,125,Medicine
Xcid,2,Medicine
Xenole 375mg,0,Medicine
Xenole 500mg,0,Medicine
Xfin 5gm Tube,0,Medicine
Xflam 300mg,0,Medicine
Xflam 400mg,0,Medicine
Xten,0,Medicine
Xylocon 0.025% (Child),40,Medicine
Xylocon 0.05% (Adult),45,Medicine
Zanthin 2,12,Medicine
Zanthin 4,22,Medicine
Zesup Forte 100ml Bottle,50,Medicine
Zesup 100ml Bottle,35.11,Medicine
Zif,3,Medicine
Zif CI,4,Medicine
Zif Forte,0,Medicine
Zifolet,1.5,Medicine
Ziliron B,4.54,Medicine
Zimax 250mg,25,Medicine
Zimax 250mg,0,Medicine
Zimax 500mg,35.11,Medicine
Zimax 500mg,0,Medicine
Zimax 15ml Bottle,85.58,Medicine
Zimax 30ml Bottle,130.88,Medicine
Zimax 50ml Bottle,186.25,Medicine
Zox 30ml Bottle,35,Medicine
Zox 60ml Bottle,50.35,Medicine
Zox,10,Medicine
Azecol Capsule,10,Medicine
Amlosartan 5/80mg,9,Medicine
Amlosartan 5/160,16,Medicine
Amlotab 5mg,5,Medicine
Aztacap 4mg,22,Medicine
Aripra 10mg,5,Medicine
Aripra 15mg,7,Medicine
Adiponil 120mg ,40,Medicine
Adora 500,15,Medicine
Acuren 25mg,0.7,Medicine
Alneed Gold,6,Medicine
Alneed Plus,3.5,Medicine
Arofil 300 SR,2.35,Medicine
Arofil 400 Sr,2.98,Medicine
Bifol 15mg,25,Medicine
Bisopro 2.5mg,6,Medicine
Bisopro 5mg,10,Medicine
Bisopro 5 Plus,10,Medicine
Barcavir 0.50mg,48,Medicine
Brezofil 400mg,8,Medicine
Bonemass D,30,Medicine
Bone-Guard,510,Medicine
Beuflox 500mg,15,Medicine
Barbit 30mg,0.78,Medicine
Barbit 60mg,1.14,Medicine
Cyclid 5mg,1,Medicine
Cefaclav 250mg,30,Medicine
Cefaclav 500mg,50,Medicine
Consucon 80mg,7,Medicine
Consucon 30 MR,6,Medicine
Cortan  5mg,1.72,Medicine
Cortan 10mg,3.23,Medicine
Cortan 20mg,6.27,Medicine
Cytomis 100mg,8,Medicine
Cytomis 200mg,15,Medicine
Carvista 6.25mg,3,Medicine
Carvista 12.50mg,5,Medicine
Carvista 25mg,8,Medicine
Colitrol 0.25mg,10,Medicine
Clindacin 150mg,8,Medicine
Clindacin 300mg,15,Medicine
Disopan 0.5mg,5,Medicine
Disopan 1mg,6,Medicine
Disopan 2mg,7,Medicine
Duopress 5/20mg,8,Medicine
Duo-5 200/125mg,40,Medicine
Dapaglip 5mg,16,Medicine
Duloxen 30,10,Medicine
Esonix 20mg,5,Medicine
Esonix 20mg,7,Medicine
Esonix 40mg,8,Medicine
Esonix 40mg,9,Medicine
Emixef 200mg,35,Medicine
Emixef 400mg,50,Medicine
Edeloss Plus 40/50mg,10,Medicine
Edeloss 40/50mg,10,Medicine
Ebaril 10mg,6,Medicine
Esipram 5mg,5.5,Medicine
Epleron 25mg,30,Medicine
Edopain 600 ER,18,Medicine
Eminil Plus 25/50mg,3,Medicine
Etorac 10mg,10,Medicine
Encilor 10mg,3,Medicine
Fixocard 25mg,12.53,Medicine
Fixocard 50mg,6,Medicine
Febustat 40mg,12,Medicine
Febustat 80mg,22,Medicine
Fenofex 60mg,3.5,Medicine
Fenofex 120mg,7,Medicine
Flexifen 10mg,8,Medicine
Feelnor 20mg,3,Medicine
Frenia 2mg,29,Medicine
Frenia 4mg,5.5,Medicine
Flexor 5,2,Medicine
Folneed 5/20,2,Medicine
Flamyd 500,1.9,Medicine
Gabapen 300,16,Medicine
Halopid 5mg,1,Medicine
Hypnofast 7.50mg,8,Medicine
Inovit-E 200mg,4,Medicine
Inovit-E 400mg,6,Medicine
Iriban SR 200mg,10,Medicine
Intracal 400mg,8,Medicine
Intafenac K 50mg,3,Medicine
Ivaprex 5mg,20,Medicine
Indrapil 4mg Tablet,12,Medicine
Inclox 500mg Capsule,10,Medicine
Joinix D,12,Medicine
Joinix,3,Medicine
Joinix Plus 250/200mg,8,Medicine
Kolchin 0.60mg,5,Medicine
Ketomar 1mg Tablet,2,Medicine
Killback 250mg,25,Medicine
Killback 500mg,45,Medicine
Losucon 1mg,4.5,Medicine
Losucon 2mg,8,Medicine
Lozicum 1mg,2,Medicine
Larcadip 10mg,5,Medicine
Lamivir 100mg,25,Medicine
Lymeclin 408mg,30,Medicine
Levoxin 250mg,8,Medicine
Levoxin 500mg,15,Medicine
Levoxin 750mg,20,Medicine
Linzolid 600mg,85,Medicine
Lopirel 75mg,12,Medicine
Lopirel Plus 75/75mg,12,Medicine
Linatab 5mg,15,Medicine
Lozana 200mg,38,Medicine
Lozana 100mg,20,Medicine
Marlox Plus 480/20mg,3,Medicine
Myolax 50mg,7,Medicine
Marincal-D 500/200,10,Medicine
Mecolagin 0.5mg,4,Medicine
Mucolyt 8mg,2,Medicine
Moxquin 400mg,40,Medicine
Maturex 30mg,30,Medicine
Maturex 60mg,50,Medicine
Menaril 8mg,2,Medicine
Minaril 16mg,4,Medicine
Mebastin 50mg,2,Medicine
Montair 4mg,6,Medicine
Montair 5mg,6,Medicine
Montair 10mg,15,Medicine
Nomopill 1mg,3,Medicine
Nomopill 0.50mg,2,Medicine
Nofiate 200mg,7,Medicine
Nintoin 100mg,6,Medicine
Nintoin SR 100mg,20,Medicine
Nispore 50mg,8,Medicine
Nispore 150mg,22,Medicine
Neocilor 5mg,2.5,Medicine
Nobesit 500mg,4,Medicine
Nobesit 850mg,6,Medicine
Nobesit XR 1gm,9,Medicine
Nobesit XR 500gm,6,Medicine
Nitazox 500,10,Medicine
Osartil 25mg,4.5,Medicine
Osartil 50mg,8,Medicine
Osartil 100mg,12,Medicine
Osartil 50 Plus 50/12.5mg,8,Medicine
Osartil 100 Plus 100/25mg,12,Medicine
Ocarnix 330mg,5,Medicine
Olanap 5mg,2.5,Medicine
Ovuclone 50mg,10,Medicine
Onaseron 8mg,10,Medicine
Oricox 60mg,7,Medicine
Oricox 90mg,12,Medicine
Oricox 120mg,14,Medicine
Omidon 10mg,2,Medicine
Omenix 40mg,8,Medicine
Paloxiron 0.5mg,0,Medicine
Procef 250mg,0,Medicine
Procef 500mg,0,Medicine
Procef 100ml Bottle,0,Medicine
Purisal 0.31,0,Medicine
Purisal 0.63,0,Medicine
Purisal 1mg,0,Medicine
Purisal 1.25,0,Medicine
Purisal 2mg,0,Medicine
Purisal 50ml Bottle,0,Medicine
Purisal 100ml Bottle,0,Medicine
Revert,0,Medicine
Rifamax 200mg,0,Medicine
Rifamax 550mg,0,Medicine
Rupex,0,Medicine
Scenizol DS,0,Medicine
Simplovir 200mg,0,Medicine
Simplovir 400mg,0,Medicine
Simplovir 5gm Tube,0,Medicine
Sudocof 100ml Bottle,0,Medicine
Tenafet 250mg,0,Medicine
Tenafet 500mg,0,Medicine
Tenafet 50ml Bottle,0,Medicine
Tenaxit,0,Medicine
Tenopain,0,Medicine
Timozin,0,Medicine
Tomephen 100ml Bottle,0,Medicine
Tridosil 250mg,0,Medicine
Tridosil 500mg,0,Medicine
Tridosil 15ml Bottle,0,Medicine
Tridosil 30ml Bottle,0,Medicine
Tridosil 35ml Bottle,0,Medicine
Tridosil 50ml Bottle,0,Medicine
Urikal 100ml Bottle,0,Medicine
Urikal 200ml Bottle,0,Medicine
Vitagrow 100ml Botle,0,Medicine
Windel 2mg,0,Medicine
Windel 4mg,0,Medicine
Windel 30s Pack,0,Medicine
Windel,0,Medicine
Windel Plus,0,Medicine
Windel,0,Medicine
Windel 100ml Bottle,0,Medicine
Winpain 50mg,0,Medicine
Omidon D,0,Medicine
Omidon 15ml Bottle,0,Medicine
Omidon 60ml Bottle,0,Medicine
Pantonix 20mg,0,Medicine
Pantonix 40mg,0,Medicine
Pantonix 40mg,0,Medicine
Rasonix 20mg,0,Medicine
Rasonix 10mg,0,Medicine
Racetril 100mg,0,Medicine
Reservix,0,Medicine
Salinix 15 20gm Tube,0,Medicine
Salinix 30 20gm Tube,0,Medicine
Ticoflex 250mg,0,Medicine
Ticoflex 500mg,0,Medicine
Ticoflex 15gm Tube,0,Medicine
Ticoflex SR,0,Medicine
Ticoflex 50ml Bottle ,0,Medicine
Trimotil,0,Medicine
Vitabion,0,Medicine
Vitabion,0,Medicine
Ximeprox 100mg,0,Medicine
Ximeprox 200mg,0,Medicine
Ximeprox DS 50ml Bottle,0,Medicine
Ximeprox 15ml Bottle,0,Medicine
Ximeprox 50ml Bottle,0,Medicine
Ximeprox 100ml Bottle,0,Medicine
Ocarnix 100ml Bottle,0,Medicine
Ocarnix,0,Medicine
Osteo-D,0,Medicine
Osteo-D 15ml Bottle,0,Medicine
Oticlor 500mg,0,Medicine
Oticlor 15ml Bottle,0,Medicine
Oticlor 100ml Bottle,0,Medicine
Pedilid 150mg,0,Medicine
Pedilid 300mg,0,Medicine
Pedilid 50ml Bottle,0,Medicine
Proviten A-Z 15s Pack,0,Medicine
Proviten A-Z 30s Pack,0,Medicine
Proviten Silver 30's Pack,0,Medicine
Proviten JR 100ml Bottle,0,Medicine
Progesic 375mg,0,Medicine
Progesic 500mg,0,Medicine
Purifen 200mg,0,Medicine
Purifen 300mg,0,Medicine
Purifen 400mg,0,Medicine
Purifen 100ml Bottle,0,Medicine
Reset 15ml Bottle,0,Medicine
Reset Plus,0,Medicine
Reset 60ml Bottle,0,Medicine
Reset Tablet,0,Medicine
Reset 1g,0,Medicine
Resadol,0,Medicine
Seasonix,0,Medicine
Seasonix 60ml Bottle,0,Medicine
Siesta,0,Medicine
Silagra 50mg,0,Medicine
Silagra 100mg,0,Medicine
Tadalis 10mg,0,Medicine
Ziflu 100ml Bottle,0,Medicine
Zolimu 0.25mg,0,Medicine
Zolimu 0.5mg,0,Medicine
Zomitan 2.5mg,0,Medicine
Zopilone 2mg,0,Medicine
Zolenic,0,Medicine
Fiberlax,0,Medicine
Recoseng,0,Medicine
Napguard 25gm Tube,0,Medicine
Oroconazol 15gm Tube,0,Medicine
Prasurel 5mg,0,Medicine
Prasurel 10mg,0,Medicine
Penfine,0,Accessories
Planex 10gm Tube,0,Medicine
Pop-D 28s Pack,0,Medicine
Pramin,0,Medicine
Precare,0,Medicine
Pregaben 150mg,0,Medicine
Pregaben 50mg,0,Medicine
Pregaben 75mg,0,Medicine
Pregaben 25mg,0,Medicine
Preneed-CI,0,Medicine
Presonil,0,Medicine
Prostacin,0,Medicine
Quiet 25mg,0,Medicine
Quiet 100mg,0,Medicine
Ramoril 1.25mg,0,Medicine
Ramoril 2.5mg,0,Medicine
Ramoril 5mg,0,Medicine
Ramoril 10mg,0,Medicine
Ramoril 2.5mg Plus,0,Medicine
Ramoril 5mg Plus,0,Medicine
Ralozine SR 500mg ,0,Medicine
Reconil,0,Medicine
Renophos 400mg,0,Medicine
Renophos 400mg,0,Medicine
Remtin 5mg,0,Medicine
Repose 100mg,0,Medicine
Repose 50mg,0,Medicine
Repose 25mg,0,Medicine
Ridel ER 500mg,0,Medicine
Rocovas 10mg,0,Medicine
Rocovas 5mg,0,Medicine
Rosen 28,0,Medicine
Roxair,0,Medicine
Rynex 0.025% 10ml Bottle,0,Medicine
Rynex 0.05% 10ml Bottle,0,Medicine
Rynex 200 sprays,0,Medicine
Sardopa ,0,Medicine
Sitagil 100mg,0,Medicine
Sitagil 50mg,0,Medicine
Sitagil 25mg,0,Medicine
Sitagil M 50/500 ER,0,Medicine
Sitagil M 50/1000 ER,0,Medicine
Sitagil M 100/1000 ER,0,Medicine
Sporium 10gm,0,Medicine
STK,0,Medicine
Spotclean 10gm Tube,0,Medicine
Spotclean Plus 10gm Tube,0,Medicine
SolaScren 60ml Bottle,0,Medicine
Tacrolim 0.1% 5gm Tube,0,Medicine
Tacrolim 0.3% 5gm Tube,0,Medicine
Tazoskin 20gm Tube,0,Medicine
Terazon 2mg,0,Medicine
Terazon 5mg,0,Medicine
Ticarel 90mg,0,Medicine
Tiginor 5mg,0,Medicine
Tiginor 10mg,0,Medicine
Tiginor 20mg,0,Medicine
Toltrex 2mg,0,Medicine
Topicazole 10gm Tube,0,Medicine
Topicazole Plus 10gm Tube,0,Medicine
Topirva 25mg,0,Medicine
Topirva 50mg,0,Medicine
Trego 10gm Tube,0,Medicine
Trimela 30gm Tube,0,Medicine
Trihexy 2mg,0,Medicine
Trihexy 5mg,0,Medicine
Trocer SR 2.6mg,0,Medicine
Trocer SR 2.6mg,0,Medicine
Trocer Spray,0,Medicine
Ulticort 15gm Tube,0,Medicine
Ulticort 0.05% 15gm Tube,0,Medicine
Ubilon,0,Medicine
Urilax 100,0,Medicine
Urilax 200,0,Medicine
Valex CR 200,0,Medicine
Valex CR 300,0,Medicine
Valex CR 500,0,Medicine
Valex 100ml Bottle,0,Medicine
Valex 200mg,0,Medicine
Valovir 1gm,0,Medicine
Valovir 500mg,0,Medicine
Valsartil 160 Plus,0,Medicine
Valsartil 160,0,Medicine
Valsartil 40,0,Medicine
Valsartil 80,0,Medicine
Valsartil 80 Plus,0,Medicine
Vastocor,0,Medicine
Veracal 40mg,0,Medicine
Veracal 80mg,0,Medicine
Veracal SR 180mg,0,Medicine
Veracal SR,0,Medicine
Vibrenta 3ml Bottle,0,Medicine
Vibrenta 3ml Bottle,0,Diabetic Care
Vinsetine,0,Medicine
Warin,0,Medicine
Windel,0,Medicine
Xenogrow 2%,0,Medicine
Xenogrow 5%,0,Medicine
Xyotil 40mg,0,Medicine
Xyotil 20 Plus,0,Medicine
Xyotil 20mg,0,Medicine
Xynovir,0,Medicine
Zapenia 100mg,0,Medicine
Zapenia 25mg,0,Medicine
Alcafta 15ml Bottle,0,Medicine
Betastin 5ml Bottle,0,Medicine
Besiven 5ml Bottle,0,Medicine
Brimodin 5ml Bottle,0,Medicine
Brimodin Plus 5ml Bottle,0,Medicine
Beuflox-D 5ml Bottle,0,Medicine
Beuflox 5ml Bottle,0,Medicine
Bimast 3ml Bottle,0,Medicine
Catrix 5ml Bottle,0,Medicine
Clarizol 10ml Bottle,0,Medicine
Cliomet 5ml Bottle,0,Medicine
Cortan 5ml Bottle,0,Medicine
Dexaguard 5ml Bottle,0,Medicine
Dextrobac 5ml Bottle,0,Medicine
Dilate 1,0,Medicine
Dilate Plus,0,Medicine
Etorac 5ml Bottle,0,Medicine
Eyebet 5ml Bottle,0,Medicine
Filtear 10ml Bottle,0,Medicine
Acifix 20mg,5,Medicine
Adafil 10mg,0,Medicine
Amdocal 5mg,5,Medicine
Amdocal 10mg,7,Medicine
Amdocal Plus 50mg,6,Medicine
Aristocal D,5,Medicine
Arlin 600mg,85,Medicine
Atova 10mg,10,Medicine
Atova 20mg,18,Medicine
Atova 40mg,24,Medicine
Axodin 120mg,7,Medicine
Axodin 180mg,0,Medicine
Axodin 60mg,0,Medicine
Azithrocin 250mg,0,Medicine
Azithrocin 500mg,35,Medicine
Amdocal Plus 25mg,5.25,Medicine
Arlin 400mg,60,Medicine
Arlin 600mg,11,Medicine
Atrizin 10mg,3,Medicine
Amdova 5/10mg,0,Medicine
Avidro 0.50mg,3,Medicine
Bexidal,3,Medicine
Breathlin SR 200mg,1.6,Medicine
Bizoran 5/20mg,8,Medicine
Bizoran 5/40mg,15,Medicine
Calorate 400mg,11.33333333,Medicine
Calorate 740mg,10,Medicine
Curin 5mg,3.5,Medicine
Calorate Kit,990,Medicine
Deflux 10mg Tablet,2.5,Medicine
Dinovo 500/20mg,10,Medicine
Diapro 80mg,7,Medicine
Diaryl 1mg,4.5,Medicine
Diaryl 2mg,8,Medicine
Duvent 10mg,10,Medicine
Dilapress 6.25mg,3,Medicine
Evo 500mg,16,Medicine
Flubex 500mg,10.5,Medicine
Frenxit 0.5/10mg,5,Medicine
Gipita 50mg,16,Medicine
Glipita-M 50/500,0,Medicine
Glipita-M 50/1000,19,Medicine
Hemofix FZ,5,Medicine
Gastalfet 500mg,4.02,Medicine
Informet 500mg,3,Medicine
Informet 850mg,4.5,Medicine
Informet LA 500mg,5,Medicine
Intracef 500mg,12.5,Medicine
Indelix SR 1.50mg,6,Medicine
Jointec Max 750/50mg,12,Medicine
Keolax 10mg,2.77,Medicine
Lucidol 50mg,7.5,Medicine
Labeta 200mg,10.03333333,Medicine
Momento5mg,2.5,Medicine
Misopa 200mg,15,Medicine
Neofloxin 500mg,15,Medicine
Napadol 325/37.50mg,8,Medicine
Neurocare 100/200/200mg,5,Medicine
Nervalin 50mg,11,Medicine
Nightus 3mg,3,Medicine
Norestin 5mg,6.833333333,Medicine
Monocast 10mg,15,Medicine
Melfin Suspension 10ml Bottle,26.66666667,Medicine
Mucomist DT 600mg,15,Medicine
Odrel 75mg,12,Medicine
Olmesan 10mg,5,Medicine
Olmesan 20mg,8,Medicine
Olmesan 40mg,15,Medicine
Olmesan Plus 20/12.5,8,Medicine
Odrel Plus 75/75mg,8,Medicine
Opton 20mg,7,Medicine
Opton 40mg,10,Medicine
Omastin 50mg,8,Medicine
Omastin 150mg,22,Medicine
Prosan HZ 50/12.5,8,Medicine
Prosan 25mg,4.5,Medicine
Prosan 50mg,8,Medicine
Pantobex 20mg,5,Medicine
Pantobex 40mg,7,Medicine
Proceptin 20mg,0,Medicine
Proceptin 40mg,8,Medicine
Protolan 30mg,6,Medicine
Pacet 200mg,10.03333333,Medicine
Rosutin 5mg,10,Medicine
Rosutin 10mg,20,Medicine
Rosutin 20mg,30,Medicine
Ribox 90mg,12,Medicine
Ribox 120mg,14,Medicine
Relentus 2mg,5,Medicine
Rostil 135mg,7,Medicine
Rostil SR 200mg,10,Medicine
Tamona 10mg,10.06666667,Medicine
Tamona 20mg,16.06666667,Medicine
Turbocef 250mg,25,Medicine
Triocim 200mg,35,Medicine
Triocim 400mg,50,Medicine
Tyclav 375mg,20,Medicine
Tyclav 625mg,25,Medicine
Tycil 250mg,3.62,Medicine
Tycil 500mg,6.79,Medicine
Tofen 1mg,2.5,Medicine
Ultrafen 50mg,0.83,Medicine
Ultrafen Plus 50/200,10,Medicine
Vomec 50mg,2.5,Medicine
Vivis,10,Medicine
Xetril 0.50mg,3,Medicine
Xetril 2mg,5,Medicine
Yamadin 20mg,1.9,Medicine
Yamadin 40mg,3.82,Medicine
Zolax 0.50mg,2,Medicine
Zymet 325mg,3.5,Medicine
Zolfin 100mg,4,Medicine
TYCIL 100ml Bottle,0,Medicine
TOFEN 100ml Bottle,0,Medicine
AZMASOL 100mcg 200 Doses,195,Medicine
AZMASOL 100mcg 200 Doses,170,Medicine
Anustat 15gm Tube,80,Medicine
Azithrocin 15ml Bottle ,0,Medicine
Azithrocin 30ml Bottle ,0,Medicine
Azithrocin 50ml Bottle ,0,Medicine
Atrizin 15ml Bottle,0,Medicine
Atrizin 60ml Bottle,30,Medicine
Arlin 100ml Bottle,0,Medicine
Aristoplex 100ml Bottle,0,Medicine
AAristoplex 200ml Bottle,0,Medicine
BRONKOLAX 100ml Bottle,0,Medicine
BEXITROL ,0,Medicine
BEXITROL-F 25/50,0,Medicine
BEXITROL-F 25/125,0,Medicine
BEXITROL-F 25/250,0,Medicine
BURNSIL 1% 25g Tube,45,First Aid
BEXTRAM KlDZ 100ml Bottle,0,Medicine
COSMOTRIN 0.025% 10g Tube ,45,Medicine
DEFLUX 100ml Bottle,0,Medicine
DECOMIT 100mcg,0,Medicine
DECOMIT 250mcg,0,Medicine
Dextromethorphan 100ml Bottle,35,Medicine
EVO 100ml Bottle,0,Medicine
EXOVATE 0.05% 10gm Tube,0,Medicine
EXOVATE 0.05% 10gm Tube,0,Medicine
EXOVATE N 25g Tube,0,Medicine
FLATAMEAL DS 200ml Bottle,75,Medicine
FLUBEX 100ml Bottle,0,Medicine
FLUBEX DS 100ml Bottle,0,Medicine
FILMET 60ml Bottle,0,Medicine
GENTOSEP 0.3% 15gm Tube 15gm,0,Medicine
IPRAMID 20mcg 200 Puffs,0,Medicine
IPRASOL 100 ,0,Medicine
ICYKOOL  25g Tube,0,Medicine
ICYKOOL MAX 25g Tube,0,Medicine
INTRACEF 100ml Bottle,0,Medicine
INTRACEF DS 100ml Bottle,0,Medicine
INTRACEF 15ml Bottle,0,Medicine
LACTAMEAL 200ml Bottle,0,Medicine
MUCOSOL 100ml Bottle,0,Medicine
MUCOSOL 15ml Bottle,0,Medicine
MOMENTO 60ml Bottle,0,Medicine
MELPHIN 10ml Bottle,0,Medicine
NEOCEPTIN-R Syrup 100ml Bottle,0,Medicine
NEODROP 15ml Bottle,0,Medicine
NITAXIDE 30ml Bottle,0,Medicine
NITAXIDE 60ml Bottle,0,Medicine
Napa 50ml Bottle,0,Medicine
Napa 60ml Bottle,20.7,Medicine
Napa 50ml Bottle,0,Medicine
Napa 60ml Bottle,20.7,Medicine
Napa 100ml Bottle,0,Medicine
Napa 60mg,0,Medicine
Napa 125mg,0,Medicine
Napa 250mg,0,Medicine
Napa 500mg,0,Medicine
Napa 15ml Bottle,0,Medicine
NEOFLOXIN 60ml Bottle,0,Medicine
NAZOLIN,0,Medicine
NEOSTEN 1% ,0,Medicine
OMASTIN 35ml Bottle,0,Medicine
PRUDEX 100ml Bottle,0,Medicine
PEDEAMIN 100ml Bottle,45,Medicine
Q-RASH 25gm Tube,0,Medicine
SORITENE 0.01%,0,Medicine
TOFEN 100ml Bottle,0,Medicine
TYCIL 100ml Bottle,0,Medicine
TYCIL DS 100ml Bottle,0,Medicine
TYCIL 15ml Bottle,0,Medicine
TRIOCIM 50ml Bottle,0,Medicine
ULTRAFEN 12.50mg,0,Medicine
ULTRAFEN 50mg,0,Medicine
ULTRAFEN 10gm Tube,0,Medicine
ULTRAFEN 25gm Tube,0,Medicine
VERCEF 50ml Bottle,0,Medicine
VERCEF 100ml Bottle,0,Medicine
VERCEF DS 50ml Bottle,0,Medicine
VERCEF 15ml Bottle,0,Medicine
VITONIC 50ml Bottle,0,Medicine
VITONIC 100ml Bottle,0,Medicine
VITONIC 200ml Bottle,0,Medicine
ZEDEX DS 100ml Bottle,30,Medicine
ZEDEX DS 200ml Bottle,0,Medicine
ZEDEX Max 100ml Bottle,0,Medicine
Candoral 15g Tube,52,Medicine
Clinacyn T,150,Medicine
ALVE 60mg Tablet,5,Medicine
ANGIMET MR 35mg Tablet,5,Medicine
Ambronil Syrup 100ml Bottle,40,Medicine
Alazid Syrup 35ml Bottle,130.5,Medicine
Alazid Syrup 50ml Bottle,160,Medicine
Cosy Suspension 100ml Bottle,38,Medicine
Azalid-500 500mg Capsule,35,Medicine
Arovent 10mg Tablet,15,Medicine
Baclon-5 5mg Tablet,4.5,Medicine
Baclon 10mg Tablet,8,Medicine
Betacal 50/5mg Tablet,6,Medicine
Bgromazep 3mg Tablet,4,Medicine
Cosy 10mg Tablet,2,Medicine
Conaz-50 50mg Tablet,8,Medicine
Clognil Plus Tablet,12,Medicine
Clognil 75mg Tablet,11,Medicine
DESLOR 5mg Tablet,4,Medicine
Deslor Syrup 60ml Bottle,30,Medicine
Deconil 50mg Tablet,10,Medicine
Desconil Syrup 100ml Bottle,80,Medicine
Exor 20mg Capsule,6,Medicine
Exor 40mg Capsule,9,Medicine
ESP 61.8/500mg Tablet,2.266666667,Medicine
EC-Plus Tablet 30pcs Pack,180,Medicine
Eperel 50mg Tablet,3.02,Medicine
Fenocap 200mg,7.023809524,Medicine
Flegnil-DS Suspension 100ml Bottle,40,Medicine
Frulac 20/50mg,8,Medicine
Frulac 40/50mg,10,Medicine
Gold Kid Syrup 100ml Bottle,80,Medicine
Gold Age Tablet 1 Unit (30pcs Pack),180,Medicine
Ketorin 10mg Tablet,10,Medicine
Losan 50 50mg Tablet,8,Medicine
Losan 25mg Tablet,4.5,Medicine
Losan D 50/12.5,8,Medicine
Lipex-10 10mg,9,Medicine
Maxical-DX,7,Medicine
Mac DS Syrup 70ml Bottle,74,Medicine
Maxical 30pcs Pack,120.6,Medicine
Maxical Plus 30pcs Pack,150.6,Medicine
Novodol 37.50/325mg,8,Medicine
Nugesic  100mg/200mg/200mg,4.033333333,Medicine
Newage Tablet 1 Unit (30Pcs Pack),150.6,Medicine
Nervex 0.50mg Tablet,4,Medicine
Ormin 500mg Tablet,3,Medicine
Ormin 850ml tablet,5,Medicine
Orioplex Syrup 200ml Bottle,62,Medicine
Onium Syrup 50ml Bottle,50,Medicine
Orioplex Tablet 1 Unit (30Pcs Tablet),54.3,Medicine
Onasia 8mg Tablet,5,Medicine
Onium 50mg Tablet,6,Medicine
Oclazid 80mg Tablet,7,Medicine
Pep-2 Syrup 100ml Bottle,35,Medicine
ACICAL-D 30s Pack,5,Medicine
Adelax,5.0125,Medicine
Anaflex Max 375mg,8.02,Medicine
Anaflex Max 500mg,10.02,Medicine
Anaflex 250mg,5.04,Medicine
Avlosef 500mg,15.05,Medicine
Artica 25mg,2.01,Medicine
Artica 10mg,1.25,Medicine
Acitrin 10mg,3.01,Medicine
Abecab 5/20mg,8.033333333,Medicine
Abecab 5/40mg,15.03333333,Medicine
Abetis 10mg,5.033333333,Medicine
Abetis 20mg,8.05,Medicine
Abetis Plus ,8.05,Medicine
Anaflex 500mg,9.033333333,Medicine
Atasin 20mg,18.1,Medicine
Atasin 10mg,10.06666667,Medicine
Abetis 40,15.1,Medicine
Brodil 2mg,0.26,Medicine
Brodil 4mg,0.46,Medicine
Bipinor 5mg,8.033333333,Medicine
Clonium 0.50mg,4.01,Medicine
Cerox CV 250mg,30.08333333,Medicine
Cerox CV 500mg,50.125,Medicine
Cerox A 500mg,45.25,Medicine
Canazole 200mg,25,Medicine
Canazole 150mg,22.1,Medicine
Canazole 50mg,0,Medicine
Cefim-3 200mg,35.08333333,Medicine
Coxia 90mg,12.06666667,Medicine
Chear 50mg,6.04,Medicine
Cab 5mg,5.02,Medicine
Cerox A 250mg,25.125,Medicine
Conart 1mg ,5,Medicine
Cefim-3 DS 400mg,50.33333333,Medicine
Chear 25mg,3.02,Medicine
Cartilex 50mg,8.04,Medicine
Esomep 20mg,5.02,Medicine
Esomep 20mg,7.02,Medicine
Etrax 40mg,1,Medicine
Fluclox 250mg,5.89,Medicine
Fluclox 500mg,10.55,Medicine
Fluver 5mg,3.51,Medicine
Fluver 10mg,5.0125,Medicine
Flamex 200mg,0.88,Medicine
Flamex 400mg,1.43,Medicine
Febus 40,12.03333333,Medicine
Gabarol 150mg,30.2,Medicine
Gabarol 50mg,12.03333333,Medicine
Gabarol 25mg,8,Medicine
Gabarol 75mg,16.1,Medicine
Indever 10mg,0.51,Medicine
Indever 40mg,0.1,Medicine
Lamitrin 50mg,18.03333333,Medicine
Lamitrin 25mg,10,Medicine
Liorel 10mg,8.05,Medicine
Lozide 80mg,7,Medicine
Mastel 10mg,6.5,Medicine
Metform 850,6,Medicine
Mylovit-Z,3.52,Medicine
Minolac 10mg,10.05,Medicine
Odazth 500mg,35.08333333,Medicine
Oxicam,8.033333333,Medicine
Paricel 20mg,5.04,Medicine
Prosma,2.25,Medicine
Pantex 40mg,7,Medicine
Parixol 88mg,3,Medicine
Povital ,5.02,Medicine
Reverseair 10mg,15.1,Medicine
Reverseair 5mg,8.033333333,Medicine
Reverseair 4mg,7.05,Medicine
Ritch 120mg,7.04,Medicine
Ritch 180mg,9.06,Medicine
Ritch Plus 60/120mg,8.035714286,Medicine
Remophos,6.02,Medicine
Sintel 400mg,5.02,Medicine
Tenocab 25mg,5.26,Medicine
Tenocab 50mg,6.02,Medicine
Tenoren 25mg,0.45,Medicine
Tenoren 50mg,0.766666667,Medicine
Tenoren 100mg,1.38,Medicine
Tridopa 100mg,25.05,Medicine
Teviral 0.50mg,48.3,Medicine
Tymium 50mg,6.02,Medicine
Tenoren Plus,0,Medicine
Vave 10mg,2.02,Medicine
Xeldrin 20mg,10.04,Medicine
Xeldrin 40mg,8,Medicine
Zepam 3mg,5.02,Medicine
ACI ORS,0,Medicine
Acical Jr,0,Medicine
Acical-C 10s Pack,0,Medicine
Acical-M 30s Pack,0,Medicine
Acical 500mg,0,Medicine
Adegra 25mg,0,Medicine
Adegra 50mg,0,Medicine
Adegra 100mg,0,Medicine
Anaflex 15g Tube,0,Medicine
Anaflex 30g Tube,0,Medicine
Brodil 100ml Bottle,0,Medicine
Brodil 60ml Bottle,0,Medicine
Brodil 20ml Bottle,0,Medicine
Canazole 35ml Bottle,0,Medicine
Cartilex D 30s Pack,0,Medicine
Cefim-3 30ml Bttle,0,Medicine
Cefim-3 50ml Bttle,0,Medicine
Cefim-3 75ml Bttle,0,Medicine
Cefim-3 DS 50ml Bottle,0,Medicine
Cefim-3 21ml Bottle,0,Medicine
Clovate 10g Tube,0,Medicine
Clovate-N 10g Tube,0,Medicine
Clovate 10g Tube,0,Medicine
Clovate-N 10g Tube,0,Medicine
Clovate 30ml Bottle,0,Medicine
Dixxar 100ml Bottle,0,Medicine
Ecoren 10g Tube,0,Medicine
Flevent,0,Medicine
Hexisol 250ml Bottle,0,Medicine
Hexisol 50ml Bottle,0,Medicine
Hexisol 250ml Bottle With Dispenser,0,Medicine
Hexisol 500ml Bottle With Dispenser,0,Medicine
Hexitane 60ml Bottle,0,Medicine
Miconex 10g Tube,0,Medicine
Micoral 15g Tube,0,Medicine
Micoral 30g Tube,0,Medicine
Micosone 10g Tube,0,Medicine
Micosone 10g Tube,0,Medicine
Micosone 10g Tube,0,Medicine
Mylovit ,0,Medicine
Nutrivit-B 200ml Bottle,0,Medicine
Nutrivit-B,0,Medicine
Nutrivit-C,0,Medicine
Nutrivit-C 15ml Bottle,0,Medicine
Nutrivit-C 1000,0,Medicine
Nutrivit-E,0,Medicine
Oralon 30g Tube,0,Medicine
Oralon 100ml Bottle,0,Oral Care
Prosma 100ml Bottle,0,Medicine
Ritch 50ml Bottle,0,Medicine
Tetrasol 30ml Bottle,0,Medicine
Tynium 50ml Bottle,0,Medicine
Tynium 100ml Bottle,0,Medicine
Xcel 500mg,0,Medicine
Xcel 60ml Bottle,0,Medicine
Xcel 60ml Bottle,0,Medicine
Xcel 100ml Bottle,0,Medicine
Xcel 15ml Bottle,0,Medicine
Xcel Plus,0,Medicine
Xeldrin 10mg,0,Medicine
Zocort 15g Tube,0,Medicine
Artigo,0,Medicine
Cerox-A 70ml Bottle,0,Medicine
Cerox CV 70ml Bottle,0,Medicine
Cora-D,0,Medicine
Cora-DX,0,Medicine
Dermasim 15g Tube,0,Medicine
Dermasim 20ml Bottle,0,Medicine
Desotop 15g Tube,0,Medicine
Etrax 30ml Bottle,0,Medicine
Flamex 100ml Bottle,0,Medicine
Fluclox 100ml Bottle,0,Medicine
Halocort 10g Tube ,0,Medicine
Halocort 10g Tube ,0,Medicine
Myrox 15ml Bottle,0,Medicine
Myrox 100ml Bottle,0,Medicine
Odazyth 15ml Bottle,0,Medicine
Odazyth 30ml Bottle,0,Medicine
Odazyth 50ml Bottle,0,Medicine
Odazyth SR 75ml Bottle,0,Medicine
Osetron 50ml Bottle,0,Medicine
Pantex 20mg,0,Medicine
Sintel 10ml Bottle,0,Medicine
Revital-30 30s Pack,0,Medicine
Revital-32 30s Pack,0,Medicine
Skinabin 15g Tube,0,Medicine
Skinalar 5g Tube,0,Medicine
Skinalar 5g Tube,0,Medicine
Skinalar-N 5g Tube,0,Medicine
Skinalar-N 5g Tube,0,Medicine
Vave 15ml Bottle,0,Medicine
Vave 100ml Bottle,0,Medicine
Xantid 150mg,0,Medicine
Prosma 5ml Bottle,0,Medicine
Brodil Acucap 32s Pack,0,Medicine
Brodil HFA,0,Medicine
Brodil HFA,0,Medicine
Brodil Levo 50ml Bottle,0,Medicine
Brodil Levo 100ml Bottle,0,Medicine
Chear 25mg,0,Medicine
Chear 50mg,0,Medicine
Chear 100mg,0,Medicine
Clonium 1mg,0,Medicine
Combair HFA,0,Medicine
Combair HFA,0,Medicine
Esomep 40mg,0,Medicine
Esomep 40mg,0,Medicine
Seroxyn HFA 25/125,0,Medicine
Seroxyn HFA 25/125,0,Medicine
Seroxyn HFA 25/250,0,Medicine
Seroxyn HFA 25/250,0,Medicine
Tridopa 50mg,0,Medicine
Diasulin 30/70 100IU 10ml Bottle,0,Diabetic Care
Adgar 0.1% 10gm Tube,0,Medicine
Adgar 0.3% 10gm Tube,0,Medicine
Alaron,0,Medicine
Avlocid Plus,0,Medicine
Avlocid Plus 200ml Bottle,0,Medicine
Avlocid MS 200ml Bottle,0,Medicine
Avlocid MS ,0,Medicine
Avlosef 500mg,0,Medicine
Avlosef DS 100ml Bottle,0,Medicine
Avlosef 100ml Bottle,0,Medicine
Avlosef 15ml Bottle,0,Medicine
Brodil 20ml Bottle,0,Medicine
Cartine 100ml Bottle,0,Medicine
Ceftoren,0,Medicine
Celofen,0,Medicine
Combair 20ml Bottle,0,Medicine
Combocef 100mg,0,Medicine
Combocef 200mg,0,Medicine
Cortefin 10gm Tube,0,Medicine
Cortefin 10gm Tube,0,Medicine
Daxetin 30mg,0,Medicine
Daxetin 60mg,0,Medicine
Defzort ,0,Medicine
Deslorin,0,Medicine
Deslorin 60ml Bottle,0,Medicine
Diar,0,Medicine
Diar 60ml Bottle,0,Medicine
Diar 30ml Bottle,0,Medicine
Doximar,0,Medicine
Erythin 100ml Bottle,0,Medicine
Febus 80mg,0,Medicine
Fluvent,0,Medicine
Henlix 200,0,Medicine
Henlix 550,0,Medicine
Hexiscrub 250ml Bottle,0,Medicine
Impedox,0,Medicine
Leflox 500mg,0,Medicine
Leflox 750mg,0,Medicine
Livita 100ml Bottle,0,Medicine
Namitol 200,0,Medicine
Oral-Z,0,Medicine
Oral-Z 100ml Bottle,0,Medicine
Oral-ZB 100ml Bottle,0,Medicine
Ornical,0,Medicine
Polyron Plus,0,Medicine
Polyron 100ml Bottle,0,Medicine
Povital,0,Medicine
Radola,0,Medicine
Rinase 20ml Bottle,0,Medicine
Ritopar,0,Medicine
Simet 15ml Bottle,0,Medicine
Sezol DS,0,Medicine
Systop 10gm Tube,0,Medicine
Teviral 1mg,0,Medicine
Xcel ER,0,Medicine
Atier 10ml Bottle,0,Medicine
Contova 5ml Bottle,0,Medicine
Denicol 5ml Bottle,0,Medicine
Icol 10ml Bottle,0,Medicine
Maxiflox 5ml Bottle,0,Medicine
Omeflox 5ml Bottle,0,Medicine
Rotarac 5ml Bottle,0,Medicine
Abaclor 250mg,0,Medicine
Abaclor 500mg,0,Medicine
Abaclor 100ml Bottle,0,Medicine
Abaclor 15ml Bottle,0,Medicine
Alaclov,0,Medicine
Artica 100ml Bottle,0,Medicine
Avlomox 250mg,0,Medicine
Avlomox 500mg,0,Medicine
Avlomox DS 100ml Bottle,0,Medicine
Avlomox 100ml Bottle,0,Medicine
Avlomox 15ml Bottle,0,Medicine
Cefdox 50ml Bottle,0,Medicine
Ciaton 5mg,0,Medicine
Ciaton 10mg,0,Medicine
Ciaton 20mg,0,Medicine
Coxia 60mg,0,Medicine
Coxia 120mg,0,Medicine
Daclin 150mg,0,Medicine
Daclin 300mg,0,Medicine
Daclin 25ml Bottle,0,Medicine
Dermasim VT 500mg,0,Medicine
Diverin 10mg,0,Medicine
Diverin 20mg,0,Medicine
Diverin 50ml Bottle,0,Medicine
Doxamil,0,Medicine
Flamex DX 300mg,0,Medicine
Floxabid 250mg,0,Medicine
Floxabid 500mg,0,Medicine
Floxabid 750mg,0,Medicine
Floxabid DS 60ml Bottle,0,Medicine
Floxabid SR,0,Medicine
Fluclox 250mg,0,Medicine
Fluclox 500mg,0,Medicine
Fluclox DS 100ml Bottle,0,Medicine
Floviral,0,Medicine
Kofnix SR,0,Medicine
Liorel 5mg,0,Medicine
Listoral Original 120ml Bottle,0,Oral Care
Listoral Original 250ml Bottle,0,Oral Care
Listoral Cool Mint 120ml Bottle,0,Oral Care
Listoral Cool Mint  250ml Bottle,0,Oral Care
Meloderm 5gm Tube,0,Medicine
Meloderm 5gm Tube,0,Medicine
Menogia,0,Medicine
Mini 28,0,Medicine
Movera 10mg,0,Medicine
Odazyth 250mg,0,Medicine
Osteron 50ml Bottle,0,Medicine
Osteron ,0,Medicine
Paricel 10mg,0,Medicine
Permisol 15g Tube,0,Medicine
Permisol 30g Tube,0,Medicine
Sibalyn 25gm Tube,0,Medicine
Solone 5mg,0,Medicine
Solone 10mg,0,Medicine
Solone 20mg,0,Medicine
Solone 50ml Bottle,0,Medicine
Solone 100ml Bottle,0,Medicine
Zipam 3mg,0,Medicine
Acicort 5ml Bottle,0,Medicine
Floxabid 5ml Bottle,0,Medicine
Bipinor 2.5mg,0,Medicine
Citazar 250mg,0,Medicine
Citazar 500mg,0,Medicine
Glimirid 1mg,0,Medicine
Glimirid 2mg,0,Medicine
Glimirid 3mg,0,Medicine
Glimirid 4mg,0,Medicine
Sitomet 50/500,0,Medicine
Sitomet 50/1000,0,Medicine
Diasulin 30/70 40IU 10ml Bottle,0,Medicine
Azin 500mg,35.08333333,Medicine
Azin 250mg,25,Medicine
Azyme 325mg,3.51,Medicine
A-Calm 50mg,4,Medicine
A Fenac K 50mg,3,Medicine
Amlopin 5mg,5,Medicine
Amloten 50mg,6,Medicine
AB1 100mg,0.74,Medicine
Alanil 120mg,6.5,Medicine
Angirid MR 35mg,5,Medicine
A-Flox 500mg,10.54166667,Medicine
A-Tetra 500mg,3.39,Medicine
Baby Zinc 20mg,1.76,Medicine
Ben-A 400mg Tab,1,Medicine
Betabis 2.50mg,6,Medicine
Betabis 5mg,10,Medicine
Cipro-A 500mg,14.05,Medicine
Claricin 500mg,0.25,Medicine
Cetizin 10mg,3,Medicine
Cinazin Plus 20/40,1.5,Medicine
Cosium 10mg,3.51,Medicine
Darifen ER 7.50mg,22,Medicine
Don-A 10mg ,2.01,Medicine
Dirozyl 400mg Tablet,1.26,Medicine
Doxy-A 100mg,2.19,Medicine
Daomin 500mg,3,Medicine
Daomin 850mg,5,Medicine
Dactus 1mg,3,Medicine
Dactus 2mg,5,Medicine
Defaz CI,3,Medicine
Ecosprin 75mg,0.63,Medicine
Ecosprin Plus 75/75mg,11.06666667,Medicine
Edemide 50/20mg,8,Medicine
Enocam 20mg,8,Medicine
Fluconal 50mg,8.09,Medicine
Fluconal 150mg,22.08333333,Medicine
Fix-A 200mg,30.08333333,Medicine
Fix-A DS 400mg,50.125,Medicine
Famicef 250mg,25.15,Medicine
Famicef 500mg,45.125,Medicine
Fluzin 5mg,3,Medicine
Fluzin 10mg,5,Medicine
Famodin 20mg,2,Medicine
Glicid 80mg,7,Medicine
Heamilk 87.50mg,5,Medicine
Janmet 500mg,16,Medicine
Janmet 1000mg,18,Medicine
Janvia 50mg,15,Medicine
Janvia 100mg,28,Medicine
Keto-A 50mg,3.5,Medicine
Ketifen 1mg,2,Medicine
Lino 5mg,1,Medicine
Liptor 10mg,10.03333333,Medicine
Liptor 20mg,18.1,Medicine
Leptic 2mg,5,Medicine
Leptic 0.5mg,3.01,Medicine
Losart 50mg,8.02,Medicine
Losart Plus 50/12.5,8,Medicine
Levopa 100/10,4,Medicine
Lipidof 200mg,7.04,Medicine
Leanxit .5/10mg,5.01,Medicine
Leo 500mg,15.05,Medicine
Monas 4mg,6.04,Medicine
Monas 5mg,8.066666667,Medicine
Monas 10mg,15.05,Medicine
Maxima 20mg,7,Medicine
Mebolin 50mg,2.01,Medicine
MB 12 0.5mg,4,Medicine
Maxima 40mg,9,Medicine
Napro-A 500mg,7,Medicine
Napro-A Plus 500/20mg,10,Medicine
Nor Flu 10/0.5mg,1.06,Medicine
Neugalin 75mg,16,Medicine
Neutrum Eye ,8,Medicine
Orin 10mg,3,Medicine
PPI 20mg,1,Medicine
PPI 40mg,8,Medicine
Pilestop 450/50mg,8.07,Medicine
Protocid 20mg,4,Medicine
Pizo-A 0.50mg,3.01,Medicine
Pizo-A 1.50mg,7.04,Medicine
Rabizol 20mg,5,Medicine
Rizal 5mg Tab,30.1,Medicine
Rupastin 10mg,10,Medicine
Rostab 10mg,1,Medicine
Rostab 20mg,25,Medicine
Sucrol 18mg,0.69,Medicine
Setorib 60mg,7,Medicine
Setorib 90mg,12.05,Medicine
Setorib 120mg,14.06,Medicine
Steron 0.50mg,0.9,Medicine
Tenoloc 50mg,0.77,Medicine
Tenoloc 100mg,1.37,Medicine
Tenil 3mg,5.01,Medicine
TPC,5,Medicine
Tinium 0.50mg,5,Medicine
Uliv 150mg,12.05,Medicine
Uropass 0.40mg,10,Medicine
Windop 10mg,10.07,Medicine
Vildapin Plus 50/500mg,16.04,Medicine
Vildapin Plus 50/850mg,17.04,Medicine
Vildapin 50mg,15,Medicine
Zero 8mg,1,Medicine
Ferocit 100s Pot,18,Medicine
Avomine 25mg,0.57,Medicine
Amaryl 1mg,6.9,Medicine
Amaryl 2mg,12.94,Medicine
Amaryl 3mg,16.55,Medicine
Amaryl 4mg,21.06,Medicine
Amaryl M 1mg,12,Medicine
Amizide 50mg,0.72,Medicine
Anthisan 15gm Tube,35.14,Medicine
Ascabiol 100ml Bottle,32.16,Medicine
Asinar 150mg,2.51,Medicine
Avil 22.7mg,1.51,Medicine
Avil 2ml Bottle,7.55,Medicine
Avil 75ml Bottle,25.08,Medicine
Avil Retard 75mg,2.02,Medicine
Avomine 25mg,0.57,Medicine
Betanol 100mg,1.37,Medicine
Betanol 25mg,0.45,Medicine
Betanol 50mg,0.77,Medicine
Betanol-A 50mg,6.02,Medicine
Brodactam 4.5gm,1003,Medicine
Butapan 10mg,6.9,Medicine
Butapan 20mg,13.64,Medicine
Carbanem 1gm,1303.91,Medicine
Carbanem 500mg,702.11,Medicine
Clexane 20mg,0,Medicine
Clexane 40mg,0,Medicine
Clexane 60mg,0,Medicine
Clexane 80mg,0,Medicine
Curazith 15ml Bottle,85.26,Medicine
Curazith 250mg,20.06,Medicine
Curazith 30ml Bottle,130.39,Medicine
Curazith 500mg,35.11,Medicine
Enocef 1G,201.35,Medicine
Enocef 1g,201.35,Medicine
Epilim 100ml Bottle,80.54,Medicine
Epilim 200mg,5.02,Medicine
Epilim 300mg,8.02,Medicine
Epilim 500mg,12.04,Medicine
Escap 20mg,8,Medicine
Escap 40mg,12,Medicine
Ficlox 100ml Bottle,44.97,Medicine
Ficlox 15ml Bottle,27.33,Medicine
Ficlox 500mg,5.98,Medicine
Fimoxiclav 0.6gm,150.45,Medicine
Fimoxiclav 1.2gm,300.9,Medicine
Fimoxiclav 100ml Bottle,245.74,Medicine
Fimoxiclav 1g,45.13,Medicine
Fimoxiclav 375mg,25.08,Medicine
Fimoxiclav 625mg,32.1,Medicine
Fimoxiclav-BID 50ml Bottle,245.74,Medicine
Fimoxyl 100ml Bottle,47.6,Medicine
Fimoxyl 15ml Bottle,30.29,Medicine
Fimoxyl 250mg,3.62,Medicine
Fimoxyl 250mg,3.62,Medicine
Fimoxyl 500mg,6.78,Medicine
Fimoxyl 500mg,6.78,Medicine
Fimoxyl DS 100ml Bottle,68.46,Medicine
Fiprox 500mg,14.09,Medicine
Flagyl 400mg,1.58,Medicine
Flagyl 400mg,1.58,Medicine
Flagyl 500mg,85.48,Medicine
Flagyl 60ml Bottle,29.89,Medicine
Frisium 10mg,5.02,Medicine
Imovane 7.5mg,10.03,Medicine
Incrit 100mg,30.09,Medicine
Incrit 50mg,18.05,Medicine
Incrit-M 1000mg,22.07,Medicine
Incrit-M 500mg,0.5,Medicine
Inflam 100ml Bottle,33.8,Medicine
Inflam 200mg,0.88,Medicine
Inflam 400mg,1.43,Medicine
Inflam-D 200mg,3.02,Medicine
Inflam-D 300mg,4.03,Medicine
Inflam-D 400mg,5.04,Medicine
Kuracef 200mg,40,Medicine
Kuracef 30ml Bottle,135,Medicine
Kuracef 400mg,55,Medicine
Kuracef 50ml Bottle,215,Medicine
Lasilactone 50mg,6.04,Medicine
Lasix 2ml,8.02,Medicine
Lasix 40mg,0.64,Medicine
Leveron 250mg,16.05,Medicine
Leveron 500mg,30.09,Medicine
Macrocin-T 30ml Bottle,200.61,Medicine
Metsa 500mg,3.01,Medicine
Metsa 850mg,5.02,Medicine
Metsa XR 1gm,9,Medicine
Metsa XR 500mg,6.02,Medicine
Motilon 10mg,0.34,Medicine
Motilon 2ml,3.77,Medicine
Oracyn-K 250mg,2.3,Medicine
Oracyn-K 500mg,4.44,Medicine
Oracyn-K 50ml Bottle,18.46,Medicine
Orva 10mg,12.04,Medicine
Orva 20mg,20.01,Medicine
Peflacine 400mg,15.28,Medicine
Pevaryl 10gm Tube,32.59,Medicine
Pevisone 10gm Tube,55,Medicine
Pevisone 20gm Tube,75.51,Medicine
Phenargan 10mg,0.68,Medicine
Phenargan 125ml Bottle,28.05,Medicine
Pretor 50mg,12.04,Medicine
Pretor 75mg,16.05,Medicine
Profenid 2ml Bottle,50.15,Medicine
Profenid 30gm Tube,120.36,Medicine
Profenid-CR 100mg,11.03,Medicine
Profenid-CR 200mg,20.06,Medicine
Profenid-E 100mg,9.03,Medicine
Profenid-E 50mg,6.02,Medicine
Qpine 100mg,10.07,Medicine
Qpine 200mg,18.05,Medicine
Qpine 25mg,3.02,Medicine
Qrip 100mg,4.01,Medicine
Respite 20mg,6.02,Medicine
Retin-A 15gm Tube,65.2,Medicine
Retin-A 30m Tube,100.3,Medicine
Rovamycine 3MIU Tab,20.13,Medicine
Salbutal 100ml Bottle,22.96,Medicine
Salbutal 2mg,0.1955,Medicine
Salbutal 4mg,0.46,Medicine
Sandom 10mg,2.02,Medicine
Sandom 15ml Bottle,20.13,Medicine
Sandom 60ml Bottle,28.18,Medicine
Sanoket 10mg,10.03,Medicine
Sanoket 30mg,55.38,Medicine
Sanoket 60mg,95.29,Medicine
Sarelox 15ml Bottle,60.41,Medicine
Sarelox 50ml Bottle,98.67,Medicine
Secnidal-DS 1gm,25.46,Medicine
Sefrad 100ml Bottle,95.29,Medicine
Sefrad 15ml Bottle,65.2,Medicine
Sefrad 250mg,10.03,Medicine
Sefrad 500mg,16.05,Medicine
Sefrad 500mg,60.18,Medicine
Sefrad-DS 100mlBottle,130.39,Medicine
Sefurox 1.5gm,200.6,Medicine
Sefurox 250mg,25.17,Medicine
Sefurox 500mg,45.31,Medicine
Sefurox 70ml Bottle,199.34,Medicine
Sefurox 750mg,125.85,Medicine
Sperdal 100ml Bottle,300,Medicine
Sperdal 1mg,3.01,Medicine
Sperdal 2mg,5.02,Medicine
Sperdal 4mg,8.02,Medicine
Stemetil 5mg,0.46,Medicine
Telfast 120mg,10,Medicine
Telfast 180mg,13,Medicine
Telfast 50ml Bottle,70,Medicine
Trental 400mg,15.11,Medicine
Tritace 2.5mg,9.53,Medicine
Tritace 5mg,14.04,Medicine
Winnipime 1gm,551.65,Medicine
Xerosec 20mg,11.0331,Medicine
Xerosec 40mg,8.02,Medicine
AZ 500mg,35,Medicine
AZ 250mg,0,Medicine
Arotril 0.50mg,5,Medicine
Arotril 1mg,5,Medicine
Arotril 2mg,6,Medicine
Anfree 0.50/10mg,5,Medicine
Acliz Plus 25/50mg,3,Medicine
Acliz Plus 25/50mg,0,Medicine
Axofen 120mg,7,Medicine
Ancor 2.50mg,6,Medicine
Ancor 5mg ,10,Medicine
Ancor Plus 2.50mg,6,Medicine
Ancor Plus 5mg,10,Medicine
Afix-200mg,35,Medicine
Afix-400mg,50,Medicine
Axim 250mg,25,Medicine
Axim 500mg,45,Medicine
Agoxin 0.25mg,1.09,Medicine
Apuldon 10mg,25,Medicine
Beclovan 10mg,8,Medicine
Calbon 500mg,3.5,Medicine
Clinex-150mg,8,Medicine
Clinex-150mg,15,Medicine
Contine-200mg,1.6,Medicine
Contine 400mg,2.98,Medicine
Cortisol 10mg,3.2,Medicine
Docopa 400mg,6,Medicine
Emep 20,5,Medicine
Emep 20,7,Medicine
Extracef-500mg,15,Medicine
Fossical-D 500/250mg,10,Medicine
Giran-8,6,Medicine
Gluvan 50mg,20,Medicine
Gluvan Plus 500mg,21,Medicine
Gluvan Plus 850mg,22,Medicine
Glucomet 500mg,4,Medicine
Glucomet 850mg Tablet,6,Medicine
Glucomet-500 XR,6,Medicine
Glucomet-750 XR,8,Medicine
Glucozid 80mg,7,Medicine
Glunor,0,Medicine
Alentin DS 400mg,0,Medicine
Algin 50mg,6,Medicine
Algin 2.5mg,0,Medicine
Algin 100ml Bottle,80,Medicine
Alphapress 1mg,4,Medicine
Alphapress 2mg,6,Medicine
Bactamox 250mg,3.5,Medicine
Bactamox 500mg,6,Medicine
Bactamox 100ml Bottle,0,Medicine
Bactamox 15ml Bottle,0,Medicine
Bactipront 480mg,0,Medicine
Bactipront DS 960mg,0,Medicine
Bactipront 60ml Bottle,0,Medicine
Beconex H. P.  10ml Vial,0,Medicine
Beconex 100ml Bottle,38,Medicine
Beconex 200ml Bottle,52,Medicine
Beconex ZI 100ml Bottle,0,Medicine
Beconex ZI 50ml Bottle,60,Medicine
Becosules,0,Medicine
Becosules Gold,3,Medicine
Bigmet FC 500mg,3,Medicine
Bigmet FC 850mg,5,Medicine
Bisoren 2.5mg,0,Medicine
Bisoren 5mg,0,Medicine
Bredicon 75mcg,0,Medicine
Cabolin 0.5mg,0,Medicine
Cabretol ,0,Medicine
Cabretol 200mg,0,Medicine
Cabretol CR 200mg,0,Medicine
Calcin 1.25mg,0,Medicine
Calcin D ,5,Medicine
Calcin D 30s Pack,150,Medicine
Calcin M 30s Pack,150,Medicine
Cardipin 5mg,5,Medicine
Cardipin Plus 5mg,0,Medicine
Caress 2.5% 15gm Tube,0,Medicine
Cartilage Plus,0,Medicine
Ceclofen 100mg,4,Medicine
Cefazid 500mg,0,Medicine
Cefazid 1gm,0,Medicine
Clarox 500mg,0,Medicine
Cloxicap 500mg,0,Medicine
Conasyd 1% 10gm Tube,60,Medicine
Danzol 100mg,0,Medicine
Delentin 10ml Bottle,15,Medicine
Deltasone 10mg,3,Medicine
Deltasone 20mg,0,Medicine
Deltasone 5mg,1.7,Medicine
Deltasone 1mg,0,Medicine
Deltasone 100 ml Bottle,0,Medicine
Deltasone 50 ml Bottle,0,Medicine
Denixil 0.5mg,0,Medicine
Denixil 2mg,0,Medicine
Desolon,95,Medicine
Dexatab 0.5mg,0,Medicine
Domiren 10mg,2,Medicine
Domiren 100ml Bottle,0,Medicine
Domiren 15ml Bottle,0,Medicine
Domiren 60ml Bottle,0,Medicine
Doxicap 100mg,2.2,Medicine
Doxicap 50mg,1.5,Medicine
Dysmen 250mg,0,Medicine
Dysmen 500mg,5,Medicine
E-Gel 200mg,4,Medicine
E-Gel DS 400mg,6,Medicine
Emcon-1 1.5mg,65,Medicine
Emeset 4mg,0,Medicine
Emeset 8mg,0,Medicine
Erecta 50mg,0,Medicine
Erecta 100mg,0,Medicine
Erythrox 250mg,0,Medicine
Erythrox 500mg,0,Medicine
Erythrox 100ml Bottle,0,Medicine
Estracon 0.625mg 28s Pack,0,Medicine
Emeren 50,0,Medicine
Fenadin 120mg,8,Medicine
Fenadin 180mg,10,Medicine
Fenadin 60mg,3.5,Medicine
Fenadin 50ml Bottle,48,Medicine
Fexicam 10mg,0,Medicine
Flontin 250mg,0,Medicine
Flontin 500mg,5,Medicine
Flontin 750mg,0,Medicine
Flontin 60ml Bottle,0,Medicine
Flustar 250mg,0,Medicine
Flustar 500mg,0,Medicine
Furocef 125mg,0,Medicine
Furocef 250mg,25,Medicine
Furocef 500mg,45,Medicine
Furocef 70ml Bottle,0,Medicine
Feuroclav 250mg,35,Medicine
Feuroclav 500mg,50,Medicine
Gaba 300mg,16,Medicine
Gaba 600mg,0,Medicine
Gaba-P 50mg,12,Medicine
Gaba-P 75mg,16,Medicine
Gestrenol 5mg,8,Medicine
Giane 35mg,199,Medicine
Glicron 80mg,7,Medicine
Glicron CR 30mg,0,Medicine
Honycol 100ml Bottle,40,Medicine
Honycol 200ml Bottle,0,Medicine
Kiddi 100ml Bottle,80,Medicine
Kiddi 200ml Bottle,0,Medicine
Letrol 2.5mg,40,Medicine
Levoking 100ml Bottle,0,Medicine
Levoking 500mg,15,Medicine
Levoking 750mg,0,Medicine
Lucan-R 50mg,8,Medicine
Lucan-R 150mg,0,Medicine
Lucan-R 200mg,0,Medicine
Lucan-R 35ml Bottle,0,Medicine
Lucent,10,Medicine
Maxolax 10mg,0,Medicine
Maxolax 5mg,0,Medicine
Maxpro 40mg,10,Medicine
Maxpro 40mg,8,Medicine
Maxpro 20mg,7,Medicine
Maxpro 20mg,5,Medicine
Maxpro 40mg,0,Medicine
Mazic 100ml Bottle,0,Medicine
Mazic DS 100ml Bottle,0,Medicine
Mazic JR 100ml Bottle,0,Medicine
Mazic 20mg,0,Medicine
Medrogest 10mg,0,Medicine
Medrogest 5mg,0,Medicine
Menorest 2.5mg,0,Medicine
Metaloc 100mg,0,Medicine
Metaloc 50mg,0,Medicine
Metorax 2.5mg,0,Medicine
Microgest 100mg,15,Medicine
Microgest 200mg,30,Medicine
Menveo Vaccine,0,Medicine
Neurobest,5,Medicine
Neurobest 3ml Vial,0,Medicine
Norma-H 150mg,2,Medicine
Normanal 500mg,0,Medicine
Normens 5mg,5.5,Medicine
Norry 3mg,5,Medicine
Novelon,399,Medicine
Odmon 10mg,15,Medicine
Odmon 4mg,6,Medicine
Odmon 5mg,8,Medicine
Orcef 200mg,35,Medicine
Orcef 200mg,0,Medicine
Orcef 400mg,50,Medicine
Orcef 30ml Bottle,0,Medicine
Orcef 40ml Bottle,0,Medicine
Orcef 50ml Bottle,0,Medicine
Orcef 70ml Bottle,0,Medicine
Ostan 25mg,0,Medicine
Ostan 50mg,0,Medicine
Ostan Plus 50mg,0,Medicine
Ostan Plus 100mg,0,Medicine
Ovulet 100mg,18,Medicine
Ovulet 50mg,10,Medicine
Palcef 300mg,0,Medicine
Palcef 30ml Bottle,0,Medicine
Palcef 60ml Bottle,0,Medicine
Pen-A 250mg,0,Medicine
Pendoril 2mg,0,Medicine
Pendoril 4mg,0,Medicine
Pendoril Plus 2mg,0,Medicine
Phenocept,0,Medicine
Plagrin 75mg,0,Medicine
Plagrin Plus 75/75mg,0,Medicine
Polycef 250mg,0,Medicine
Polycef 500mg,0,Medicine
Polycef DS 100ml Bottle,0,Medicine
Polycef 15ml Bottle,0,Medicine
Polycef 100ml Bottle,0,Medicine
Prazole 20mg,0,Medicine
Proscan 250mg,0,Medicine
Protonil 20mg,0,Medicine
Protonil 40mg,0,Medicine
Qcin 150mg,8,Medicine
Qcin 300mg,15,Medicine
Rabipur 1ml Vial Vaccine,0,Medicine
Rapidol 50mg,0,Medicine
Recof 100ml,0,Medicine
Rolac 10mg,10,Medicine
Rolac 10mg 1ml Vial,0,Medicine
Rolac 30mg 1ml Vial,0,Medicine
Rolac 60mg 1ml Vial,0,Medicine
Regain 2%,0,Medicine
Regain 5%,0,Medicine
Rolip,0,Medicine
Recof 15ml Bottle,0,Medicine
Saline-R,0,Medicine
Sperid 1mg,0,Medicine
Sperid 2mg,0,Medicine
Sitamet,0,Medicine
Sinergix,0,Medicine
Taven 10mg,0,Medicine
Taven 20mg,0,Medicine
Taven 40mg,0,Medicine
Thyrox 50mcg 30s Strip,60,Medicine
Thyrox 100mcg,0,Medicine
Tolter 1mg,0,Medicine
Tolter 2mg,3,Medicine
Toplon 320mg,0,Medicine
Topmate 25mg,0,Medicine
Topmate 50mg,0,Medicine
Totifen 1mg,2,Medicine
Totifen 100ml,55,Medicine
Trovastin 10mg,0,Medicine
Trucef 100mg,0,Medicine
Trucef 200mg,0,Medicine
Trucef DS 50ml Bottle,0,Medicine
Trucef 15ml Bottle,0,Medicine
Trucef 100ml Bottle,0,Medicine
Trucef 50ml Bottle,0,Medicine
Trulax 100ml Bottle,0,Medicine
Uritone 20mg,0,Medicine
Uritone 40mg,0,Medicine
Valzide 160+12.5mg,0,Medicine
Valzide 80+12.5mg,0,Medicine
Xamic 500mg,20,Medicine
Xanita 30ml Bottle,0,Medicine
Xanita 500mg,0,Medicine
Xanita 60ml Bottle,0,Medicine
Xcitin 4mg,0,Medicine
Xenapro 250mg,0,Medicine
Xenapro 500mg,8,Medicine
Zithrin 250mg,25,Medicine
Zithrin 500mg,35,Medicine
Zithrin 250mg,0,Medicine
Zithrin 15ml Bottle,0,Medicine
Zithrin 20ml Bottle,0,Medicine
Zithrin 30ml Bottle,0,Medicine
Zithrin 35ml Bottle,0,Medicine
Zithrin 50ml Bottle,0,Medicine
Zithrin,0,Medicine
Purnava Mosquito Repellent 75ml Container,0,Skin Care
Androcap 40mg,20,Medicine
ATOZ Premium,12.02857143,Medicine
ATOZ Senior,12.02857143,Medicine
Acos 500mg,55.16666667,Medicine
Avenac 100mg,5.02,Medicine
Acos 30ml Bottle,175,Medicine
Coralcal-D,10.02,Medicine
Coralcal-DX,15.03333333,Medicine
Dormicum 7.5mg,19.56666667,Medicine
Dilatrend 6.25mg,11.03333333,Medicine
Efodio 10mg,0,Medicine
Exium 20mg,8.5,Medicine
Exium 40mg,12,Medicine
Naprosyn Plus 500/20mg,20.04166667,Medicine
Naprosyn Plus 375/20mg,15.41666667,Medicine
Naprosyn 500mg,15.04,Medicine
Frenvas 20mg,20,Medicine
Frenvas 10mg,12.03571429,Medicine
Formum,5.02,Medicine
Fibogel 120gm,395,Medicine
Lexotanil 3mg,7.014285714,Medicine
Ginoba 30s Pack,600,Medicine
Minista 10mg,12.03333333,Medicine
Naprosyn 250mg,8.02,Medicine
Neucos-B,11.02,Medicine
Prompton 20mg,8.016666667,Medicine
Prelica 25mg,10,Medicine
Prelica 50mg,14.53333333,Medicine
Prelica 75mg,19.03333333,Medicine
Natlax 100gm Bottle,400,Medicine
Panaseng,600,Medicine
Naprosyn 50ml Bottle,120,Medicine
Rofurox 70ml Bottle,325,Medicine
Rofixim 50ml Bottle,250,Medicine
Rofixim 200mg,45,Medicine
Rofixim 400mg,65,Medicine
Rofurox 500mg,60,Medicine
Radisil 140mg,10,Medicine
Rocaltrol 0.25mg,20.03333333,Medicine
Rivotril 0.5mg,8,Medicine
Rivotril 2mg,13,Medicine
Toradol 10mg,30.05,Medicine
Tilkotil 20mg,17.06,Medicine
Xenobese 120mg,60.14285714,Medicine
Xyflo 5mg,10,Medicine
Xyflo 10mg,16,Medicine
Azyth 500mg,55.5,Medicine
CaC-1000 12s pack,180,Medicine
Erata 250mg,16.25,Medicine
Neptor 20mg,8.1,Medicine
Rimactazid 450mg,11.74,Medicine
Serviflox 500mg,14.05,Medicine
Servipep 20mg,4,Medicine
Sirdalud 2mg,11.53,Medicine
Antrenyl 5mg,0,Medicine
Azyth 250mg,0,Medicine
Azyth 15ml Bottle,0,Medicine
Azyth 30ml Bottle,0,Medicine
Azyth 50ml Bottle,0,Medicine
Binoclar 60ml Bottle,0,Medicine
Binoclar 500mg,0,Medicine
Biocef 100ml Bottle,0,Medicine
Bromergon 2.5mg 30s Pack,0,Medicine
Diola 6.25mg,0,Medicine
Doloran 50mg,0,Medicine
Doloran 100mg,0,Medicine
Epnil 0.5mg,0,Medicine
Epnil 1mg,0,Medicine
Epnil 2mg,0,Medicine
Anafranil 25mg,9.25,Medicine
Cataflam 25mg,0,Medicine
Cataflam 50mg,0,Medicine
Co-Diovan 160/25mg,0,Medicine
Co-Diovan 80/12.5mg,48.10714286,Medicine
Diovan 160mg,66.17857143,Medicine
Diovan 80mg,54,Medicine
Diovan 40mg,0,Medicine
Exforge 5/80,50.5,Medicine
Exforge 5/160,70.75,Medicine
Exforge 10/160,0,Medicine
Famvir 125mg,0,Medicine
Famvir 250mg,0,Medicine
Galvus 50mg,31.5,Medicine
Galvus Met 50/500mg,31.5,Medicine
Galvus Met 50/850mg,31.5,Medicine
Genteal 0.3% Eye Gel,0,Medicine
Lioresal 10mg,13.68,Medicine
Seebri Breezhaler 50mcg,0,Medicine
Tegretol 200mg,0,Medicine
Tegretol CR 200mg,0,Medicine
Trileptal 300mg,20,Medicine
Trileptal 600mg,0,Medicine
Trileptal 60mg,0,Medicine
Voltalin D,8.02,Medicine
Voltalin SR 100mg,18,Medicine
Voltalin SR 75mg,0,Medicine
Voltalin 25mg,0,Medicine
Voltalin Forte 50mg,8.5,Medicine
Voltalin 75mg 3ml Ampoule,0,Medicine
Voltalin 12.5mg,0,Medicine
Voltalin 50mg,0,Medicine
Listacare Blue Mint 250ml Bottle,145,Oral Care
Listacare Blue Mint 120ml Bottle,80,Oral Care
Listacare Gold 250ml Bottle,145,Oral Care
Listacare Gold 120ml Bottle,80,Oral Care
Amit 25mg,1.76,Medicine
Amit 10mg,0.85,Medicine
Astagen 2mg,12.03333333,Medicine
Astagen 4mg,22.05,Medicine
Azomac 500mg,35,Medicine
Anreb 50mg,8,Medicine
Anreb Plus 50/12.5mg,8,Medicine
Anquil 15mg,15.1,Medicine
Anquil 7.5mg,8.066666667,Medicine
Bost,5,Medicine
Ankof 100ml Bottle,60,Medicine
Calcheck 5mg,5,Medicine
Delta 0.5/10mg,5,Medicine
Domilin 10mg,2.01,Medicine
Extranil 5mg,0.76,Medicine
Etocox 90mg,12.06666667,Medicine
Etocox 120mg,14.1,Medicine
Epiclon 0.5mg,4,Medicine
Epiclon 2mg,7.033333333,Medicine
Azomac 35ml Bottle,140,Medicine
Floxapen 500mg,10.55,Medicine
Fenolid 200mg,7.025,Medicine
Geflox 500mg,14.1,Medicine
Glustin Max 750/50mg,12.03333333,Medicine
Gepin 100ml Bottle,45,Medicine
Galfin 50mg,8.066666667,Medicine
Gored 80mg,7.02,Medicine
Glustin Plus 250/200mg,8.04,Medicine
Helicon Kit,55.35714286,Medicine
Lopez 10mg,4.54,Medicine
Lopez 5mg,2.52,Medicine
Lipitin 10mg,10.06666667,Medicine
Lipitin 20mg,18.1,Medicine
Lorin 10mg,3.01,Medicine
Methipred 2,3,Medicine
Mecobal 0.5mg,4.04,Medicine
Mitrazin 15mg,8.033333333,Medicine
Mitrazin 30mg,15,Medicine
Multiseas 100ml Bottle,80,Medicine
Prebalin 75mg,16.13333333,Medicine
Prevas 20mg,5,Medicine
Pantogen 20mg,5,Medicine
Pantogen 40mg,7.02,Medicine
Ranola 500mg,16.05,Medicine
Ramipro 2.50,5.04,Medicine
Sugamet 850,4.51,Medicine
Sugamet 500,3.01,Medicine
Secomax 500mg,45.25,Medicine
Slipam 15mg,4.5,Medicine
Slipam 30mg,8,Medicine
Setra 100mg,10.06666667,Medicine
Setra 50mg,6.04,Medicine
S-citapram 10mg,10.05,Medicine
Telukast 10mg,15,Medicine
Telukast 5mg,7.55,Medicine
Tocef 200mg,30.16666667,Medicine
Tolcalm 50mg,4,Medicine
Tocef DS 50ml Bottle,280,Medicine
Tenapam 3mg,5,Medicine
Urolosin 0.4mg,10.03571429,Medicine
Velogen 500mg,12.55,Medicine
Zoton 30mg,6,Medicine
Zico 100ml Bottle,26,Medicine
Whisper Ultra 15s Pack,0,Female Hygine
Whisper Ultra 8s Pack,0,Female Hygine
Whisper Maxifit 15s Pack,0,Female Hygine
Whisper Maxifit 8s Pack,0,Female Hygine
Whisper Maxinight 15s Pack,0,Female Hygine
Whisper Maxinight 7s Pack,0,Female Hygine
Horlicks Jar 550gm,0,Foods & Beverage
Horlicks BIB 450gm,0,Foods & Beverage
Horlicks Junior Jar 400gm,0,Baby Foods
Horlicks Junior BIB 400gm,0,Baby Foods
Mothers Horlicks BIB 400gm,0,Mother Care
Womens Horlicks Jar 400gm,0,Foods & Beverage
Horlicks Lite Jar 330gm,0,Foods & Beverage
Boost Jar 400gm,0,Foods & Beverage
Maltova BIB 400gm,0,Foods & Beverage
Glaxose 25gm Pack,0,First Aid
Glaxose 75gm Pack,0,First Aid
Glaxose BIB 200gm ,0,First Aid
Glaxose BIB 400gm ,0,First Aid
Sensodyne Fresh Mint 50ml Tube,0,Oral Care
Sensodyne Fresh Mint 75ml Tube,0,Oral Care
Sensodyne Gum 100ml Tube,0,Oral Care
Sensodyne Fresh Mint 100ml Tube,0,Oral Care
Aggra 50mg,0,Medicine
Aggra 100mg,0,Medicine
Alben DS,0,Medicine
Alben Suspension 10ml Bottle,0,Medicine
Aldorin 50mg,0,Medicine
Amboten 15ml Bottle,0,Medicine
Amboten 100ml Bottle,0,Medicine
Anapril 5mg,0,Medicine
Arocef 500mg,0,Medicine
Arocef 100ml Bottle,0,Medicine
Brizy 60ml Bottle,0,Medicine
Carbazin,0,Medicine
Carbazin CR,0,Medicine
Carbolin DS,0,Medicine
Ceflon DS 100ml Bottle,0,Medicine
Cardon 25mg,0,Medicine
Cardon 50mg,0,Medicine
Cardo Plus 50g,0,Medicine
Calx,0,Medicine
Calx,0,Medicine
Ceflon 15ml Bottle,0,Medicine
Celipress 200mg,0,Medicine
Cloron 0.5mg,0,Medicine
Cloron 1mg,0,Medicine
Cloron 2mg,0,Medicine
Cortider 10gm Tube,0,Medicine
Creston 10mg,0,Medicine
Creston 5mg,0,Medicine
Cardobis 2.5mg,0,Medicine
Cardobis 5mg,0,Medicine
Cardobis Plus 2.5/6.25mg,0,Medicine
Cardobis 5/6.25mg,0,Medicine
Danamet 100mg,0,Medicine
Danamet 200mg,0,Medicine
Desodin,0,Medicine
Dexpoten 100ml Bottle,0,Medicine
Dezide,0,Medicine
Dextor 0.5mg,0,Medicine
Dialon 1mg,0,Medicine
Dialon 2mg,0,Medicine
Dialon 4mg,0,Medicine
Dietil Capsule,0,Medicine
Dilator 60ml Bottle,0,Medicine
Dilator 10mg,0,Medicine
Dilator 20mg,0,Medicine
Dinafex 60mg,0,Medicine
Dinafex 120mg,0,Medicine
Dinafex 180mg,0,Medicine
Dinafex 60ml Bottle,0,Medicine
Dorenta,0,Medicine
Dorenta 100ml Bottle,0,Medicine
Dumax 30mg,0,Medicine
Dumax 60mg,0,Medicine
Edenil 20mg,0,Medicine
Edenil 40mg,0,Medicine
Emezin,0,Medicine
Emezin Plus,0,Medicine
Esoral 40mg,0,Medicine
Esoral 40mg,0,Medicine
Esoral 20mg,0,Medicine
Esoral 20mg,0,Medicine
Etorix 60mg,0,Medicine
Etorix 90mg,0,Medicine
Etorix 120mg,0,Medicine
Ethinor 5mg,0,Medicine
Expoten 100ml,0,Medicine
Facid 15g Tube,0,Medicine
Facid HC 10g Tube,0,Medicine
Facid BT 10g Tube,0,Medicine
Facid 15g Tube,0,Medicine
Feozin,0,Medicine
Feofol CI,0,Medicine
Feofol TR,0,Medicine
Fenobac 10mg,0,Medicine
Fenobac 5mg,0,Medicine
Fibrino 500mg,0,Medicine
Flucloxin 250mg,0,Medicine
Flucloxin 500mg,0,Medicine
Flucloxin 100ml Bottle,0,Medicine
Flucoder 50mg,0,Medicine
Flucoder 150mg,0,Medicine
Flucoder 200mg,0,Medicine
Flucoder 35ml Bottle,0,Medicine
Flovit TR,0,Medicine
Gastid 200ml Bottle,0,Medicine
Gastid,0,Medicine
Gatinox 400mg,0,Medicine
Gasnil 15ml Bottle,0,Medicine
Geminox 320mg,0,Medicine
Gelid,0,Medicine
Gelid 200ml Bottle,0,Medicine
Glunor 500mg,0,Medicine
Glunor 850mg,0,Medicine
Glunor XR,0,Medicine
Glikazid 80mg,0,Medicine
Glikazid MR 60mg,0,Medicine
GTN 2.6mg,0,Medicine
Hunny 100ml Bottle,0,Medicine
Handirub 50ml Bottle,0,Medicine
Handirub 20ml Bottle,0,Medicine
Hi-C 100ml Bottle,0,Medicine
Irbes 75mg,0,Medicine
Irbes 150mg,0,Medicine
Kefuclav 250mg,0,Medicine
Kefuclav 500mg,0,Medicine
Ketonic 10mg,0,Medicine
Kilmax 125mg,0,Medicine
Kilmax 250mg,0,Medicine
Kilmax 500mg,0,Medicine
Kilmax 70ml Bottle,0,Medicine
Lamidin 100mg,0,Medicine
Laxitol,0,Medicine
NeoCare Small (3-6kg) 4s Pack,100,Baby Diapers 
NeoCare Small (3-6kg) 5s Pack,125,Baby Diapers 
NeoCare Small (3-6kg) 10s Pack,250,Baby Diapers 
NeoCare Small (3-6kg) 25s Pack,625,Baby Diapers 
NeoCare Small (3-6kg) 32s Pack,800,Baby Diapers 
NeoCare Small (3-6kg) 50s Pack,1150,Baby Diapers 
NeoCare Medium (4-9Kg) 4s Pack,120,Baby Diapers 
NeoCare Medium (4-9Kg) 5s Pack,150,Baby Diapers 
NeoCare Medium (4-9Kg) 10s Pack,300,Baby Diapers 
NeoCare Medium (4-9Kg) 25s Pack,750,Baby Diapers 
NeoCare Medium (4-9Kg) 32s Pack,960,Baby Diapers 
NeoCare Medium (4-9Kg) 50s Pack,1400,Baby Diapers 
NeoCare Large (7-8Kg) 4sPack,136,Baby Diapers 
NeoCare Large  (7-8Kg) 10s Pack,340,Baby Diapers 
NeoCare Large  (7-8Kg) 25s Pack,850,Baby Diapers 
NeoCare Large  (7-8Kg) 32s Pack,1088,Baby Diapers 
NeoCare Large  (7-8Kg) 50s Pack,1600,Baby Diapers 
NeoCare XL (11-25kg) 4s Pack,160,Baby Diapers 
NeoCare XL (11-25kg) 10s Pack,400,Baby Diapers 
NeoCare XL (11-25kg) 25s Pack,1000,Baby Diapers 
NeoCare XL (11-25kg) 30s Pack,1200,Baby Diapers 
NeoCare XL (11-25kg) 50s Pack,2400,Baby Diapers 
Amitriptyline 25mg,0,Medicine
Avamys ,386,Medicine
Beconase A.N. ,0,Medicine
Berin 100mg,0.74,Medicine
Berin Plus 30s Pack,0,Medicine
Betnelan,0.76,Medicine
Betnovate 15gm Tube,0,Medicine
Betnovate 20gm Tube,45,Medicine
Btnovate-N 10gm Tube,27,Medicine
Betnovate 15gm Tube,0,Medicine
Betnovate 20gm Tube,49,Medicine
Btnovate-N 5gm Tube,19,Medicine
Betnobate CL 10gm Tube,30,Medicine
Bactroban 10gm Tube,148,Medicine
Cutivate 10gm,0,Medicine
Cutivate 10gm,0,Medicine
Dermovate 10gm Tube,60,Medicine
Dermovate 10gm Tube,70,Medicine
Dermovate 30ml Bottle,0,Medicine
Eltroxin 50mcg 100s Pack,256,Medicine
Eumovate 10gm Tube,0,Medicine
Eumovate 10gm Tube,0,Medicine
Flixonase A. N. 120 Sprays,294,Medicine
Fluvin OD 150mg,0,Medicine
Fluvin OD 50mg,0,Medicine
Acne-Aid Bar 100gm,0,Skin Care
Oilatum Bar 100gm,0,Skin Care
Oilatum Emollient 150ml Bottle,0,Skin Care
Physiogel 75ml Bottle,0,Medicine
Physiogel 100ml Bottle,0,Medicine
Physiogel 200ml Bottle,0,Medicine
Physiogel AL 100ml Bottle,0,Medicine
Physiogel 150ml Bottle,0,Medicine
Spectraban 60 60gm Tube,0,Medicine
Sastid Bar,400,Medicine
Neobacrin 20gm Tube,45,Medicine
Lotrix 30gm Tube,0,Medicine
Norain 20mg,0,Medicine
Otosporin 5ml Bottle,0,Medicine
Panadol Extra,0,Medicine
Parapyrol 100ml Bottle,0,Medicine
Parapyrol 500mg,0,Medicine
Piriton 100ml Bottle,0,Medicine
Piriton 4mg,0,Medicine
Prednelan 5mg,0,Medicine
Prednelan 20mg,0,Medicine
Revolade 25mg,0,Medicine
Seritide  100mcg 60dosages,0,Medicine
Seritide  250mcg 60dosages,0,Medicine
Seritide  500mcg 60dosages,0,Medicine
Seritide  50mcg 120dosages,0,Medicine
Seritide  125mcg 120dosages,0,Medicine
Seritide  250mcg 120dosages,0,Medicine
Tinatrim 10mg Tube,0,Medicine
Ventolin 100ml Bottle,0,Medicine
Ventolin SR,0,Medicine
Ventolin 2mg,0,Medicine
Ventolin 4mg,0,Medicine
Ventolin 100mcg,0,Medicine
Ventolin Nebules 2.5mg 30sPack,0,Medicine
Ventolin 20ml Bottle,0,Medicine
Zantac 150mg,0,Medicine
Zinnat 125mg,0,Medicine
Zinnat 250mg,0,Medicine
Zinnat 500mg,0,Medicine
Isotrex 10gm Tube,0,Medicine
Tresiba Flextouch,2490,Diabetic Care
Ryzodeg 70/30,0,Diabetic Care
NovoRapid,0,Diabetic Care
Levemir,0,Diabetic Care
NovoMix 30,0,Diabetic Care
NovoMix 50,0,Diabetic Care
NovoMix 70,0,Diabetic Care
Insulatard,0,Diabetic Care
Actrapid,0,Diabetic Care
Mixtard 30,0,Diabetic Care
Mixtard 40,0,Diabetic Care
Mixtard 50,0,Diabetic Care
Zerocal Tablet 6.5mg 100s Pack,0,Medicine
Zerocal 25s Pack,0,Diabetic Care
Zerocal 75s Pack,0,Diabetic Care
Zerocal 150s Pack,0,Diabetic Care
Xpel 250ml Can,0,Home & Cleaning
Xpel 475ml Can,0,Home & Cleaning
Select Plus 75ml Bottle,0,Haircare
Spring Floral Flavor 300ml Bottle,0,Home & Cleaning
Spring Orange Flavor 300ml Bottle,0,Home & Cleaning
Spring Lemon Flavor 300ml Bottle,0,Home & Cleaning
Spring Lemon Grass Flavor 300ml Bottle,0,Home & Cleaning
Sepnil 180ml Pack,0,Skin Care
Sepnil 200ml Pack,0,Skin Care
Sepnil 75gm,0,Skin Care
Sepnil 40ml,0,Skin Care
Sepnil 200ml,0,Skin Care
Meril 150ml Bottle,0,Skin Care
Meril 200ml Bottle,0,Skin Care
Meril 10gm Tube,0,Skin Care
Meril 60gm,0,Skin Care
Meril 120gm,0,Skin Care
Meril 120gm,0,Skin Care
Revive 100ml Bottle,0,Skin Care
Revive 200ml Bottle,0,Skin Care
Meril 50ml Bottle,0,Baby Skincare & Accessories
Meril 100ml Bottle,0,Baby Skincare & Accessories
Meril 200ml Bottle,0,Baby Skincare & Accessories
Meril Strawberry 4.5gm Pack,0,Skin Care
Meril Lemon 4.5gm Pack,0,Skin Care
Moods Dotted 3s Pack,60,Sexual Well-Being
Moods Chocolate 3s Pack,60,Sexual Well-Being
Moods Ribbed 3s Pack,60,Sexual Well-Being
Moods All-Night 3s Pack,60,Sexual Well-Being
Moods Strawberry 3s Pack,60,Sexual Well-Being
Moods Absolute Xtasy 3s Pack,60,Sexual Well-Being
Moods Ultra Thin 3s Pack,60,Sexual Well-Being
Moods Scented 3s Pack,60,Sexual Well-Being
Durex Thin Feel 3s Pack,100,Sexual Well-Being
Durex Extra Safe 3s Pack,100,Sexual Well-Being
Durex Pleasure Me 3s Pack,100,Sexual Well-Being
Durex Strawberry 3s Pack,100,Sexual Well-Being
Durex Love Sex 3s Pack,80,Sexual Well-Being
Moods Blaze 3s Pack,100,Sexual Well-Being
Moods Cool 3s Pack,100,Sexual Well-Being
Moods Joyride 3s Pack,100,Sexual Well-Being
Moods Super Dotted 3s Pack,100,Sexual Well-Being
Moods Electrify 3s Pack,100,Sexual Well-Being
Xtreme 3s Pack,70,Sexual Well-Being
Sensation Classic Dotted,25,Sexual Well-Being
Carex 3s Pack,30,Sexual Well-Being
Novopen 4,700,Accessories
Savlon 30gm Tube,25,First Aid
Savlon 30gm Tube,34,First Aid
Savlon Liquid 56ml Bottle,30,First Aid
Savlon Liquid 112ml Bottle,40,First Aid
Freedom ,65,Female Hygine
Freedom ,20,Female Hygine
Savlon Kids,5,First Aid
JMI Bandage,2,First Aid
Alcohol Pad,2,Accessories
SMC Orsaline,5,First Aid
Neo Saline,5,First Aid
Candarel ,0,Diabetic Care
Maxell 3V ,50,Accessories
Norsol 25ml Bottle,25,Medicine
Senora Panty 10s Pack,90,Female Hygine
Senora Panty 15s Pack,120,Female Hygine
Senora Confidence 5s Pack,60,Female Hygine
Senora Confidence 10s Pack,110,Female Hygine
Senora Confidence 15s Pack,150,Female Hygine
Senora Belt 10s Pack,90,Female Hygine
Senora Belt 15s Pack,120,Female Hygine
Freedom Heavy Flow 8s Pack,110,Female Hygine
Freedom Heavy Flow 16s Pack,200,Female Hygine